序号,纳入口径,企业代码,企业中文名,企业英文名,身份,合作伙伴等级,行业一级分类,展位号,展馆,展厅或区域,展馆代码,展厅或区域代码,官方目录 URL,快照日期
1,参展企业,997f08996e5148eba07e1febb0395bce,上海东方算芯科技有限公司,"Shanghai Eastern Computing Technology Co.,Ltd.",展商,战略合作伙伴,核心技术,H2-B101,世博展览馆,世博展览馆H2,VO_EXHIBITION_HALL_1,VO_EXHIBITOR_BOOTH_LOCATION_2,https://www.worldaic.com.cn/exhibitors,2026-07-18
2,参展企业,997f08996e5148eba07e1febb0395bce,上海东方算芯科技有限公司,"Shanghai Eastern Computing Technology Co.,Ltd.",展商,战略合作伙伴,核心技术,Z1A-603,张江科学会堂,张江科学会堂-海科厅,VO_EXHIBITION_HALL_3,VO_EXHIBITOR_BOOTH_LOCATION_8,https://www.worldaic.com.cn/exhibitors,2026-07-18
3,参展企业,e392d3e66d7f4156ae8be3ae84324b1d,上海阶跃星辰智能科技有限公司,"Shanghai StepFun Intelligent Technology Co., Ltd.",展商,战略合作伙伴,核心技术,H1-C107,世博展览馆,世博展览馆H1,VO_EXHIBITION_HALL_1,VO_EXHIBITOR_BOOTH_LOCATION_1,https://www.worldaic.com.cn/exhibitors,2026-07-18
4,参展企业,ad565f93f2744b049661c8734acb58ef,中国南方电网有限责任公司,"China Southern Power Grid Co., Ltd. ","展商,论坛主办方",战略合作伙伴,电力、热力、燃气及水生产和供应业,H2-D501,世博展览馆,世博展览馆H2,VO_EXHIBITION_HALL_1,VO_EXHIBITOR_BOOTH_LOCATION_2,https://www.worldaic.com.cn/exhibitors,2026-07-18
5,参展企业,c94c27ad9b5642ca825f53daa3af22d6,中国电信集团有限公司,"China Telecom Group Co., Ltd.","展商,论坛主办方",战略合作伙伴,其他,H2-C101,世博展览馆,世博展览馆H2,VO_EXHIBITION_HALL_1,VO_EXHIBITOR_BOOTH_LOCATION_2,https://www.worldaic.com.cn/exhibitors,2026-07-18
6,参展企业,733eed50c829498d83dda28148f89225,中国移动通信集团有限公司,"China Mobile Communications Group Co., Ltd.","展商,论坛主办方",战略合作伙伴,核心技术,H1-B101,世博展览馆,世博展览馆H1,VO_EXHIBITION_HALL_1,VO_EXHIBITOR_BOOTH_LOCATION_1,https://www.worldaic.com.cn/exhibitors,2026-07-18
7,参展企业,e58cb2d39edf4387b21718db647c2b68,中国联合网络通信集团有限公司,"China United Network Communications Group Co., Ltd.","展商,论坛主办方",战略合作伙伴,其他,H2-C1201,世博展览馆,世博展览馆H2,VO_EXHIBITION_HALL_1,VO_EXHIBITOR_BOOTH_LOCATION_2,https://www.worldaic.com.cn/exhibitors,2026-07-18
8,参展企业,e68e1966a8694f788daa40dd54eb6fab,交通银行股份有限公司,"Bank of Communications Co., Ltd","展商,论坛主办方",战略合作伙伴,金融科技,H1-D101,世博展览馆,世博展览馆H1,VO_EXHIBITION_HALL_1,VO_EXHIBITOR_BOOTH_LOCATION_1,https://www.worldaic.com.cn/exhibitors,2026-07-18
9,参展企业,49a8132f0e8e4aa78f99ed5ce8b74740,华为技术有限公司,"Huawei Technologies Co., Ltd","展商,论坛主办方",战略合作伙伴,其他,H2-A101,世博展览馆,世博展览馆H2,VO_EXHIBITION_HALL_1,VO_EXHIBITOR_BOOTH_LOCATION_2,https://www.worldaic.com.cn/exhibitors,2026-07-18
10,参展企业,c0f84a19475344adadf80b9a1cebd338,商汤科技,SenseTime,"展商,论坛主办方",战略合作伙伴,核心技术,H1-B807,世博展览馆,世博展览馆H1,VO_EXHIBITION_HALL_1,VO_EXHIBITOR_BOOTH_LOCATION_1,https://www.worldaic.com.cn/exhibitors,2026-07-18
11,参展企业,396ba27ef4f3400192d00eea964c0664,国家电网有限公司,State Grid Corporation of China,"展商,论坛主办方",战略合作伙伴,电力、热力、燃气及水生产和供应业,H2-D101,世博展览馆,世博展览馆H2,VO_EXHIBITION_HALL_1,VO_EXHIBITOR_BOOTH_LOCATION_2,https://www.worldaic.com.cn/exhibitors,2026-07-18
12,参展企业,77e9a88272ad482fba8449f2e564c368,新华三技术有限公司,"New H3C Technologies Co., Ltd.","展商,论坛主办方",战略合作伙伴,核心技术,H2-B516,世博展览馆,世博展览馆H2,VO_EXHIBITION_HALL_1,VO_EXHIBITOR_BOOTH_LOCATION_2,https://www.worldaic.com.cn/exhibitors,2026-07-18
13,参展企业,77e9a88272ad482fba8449f2e564c368,新华三技术有限公司,"New H3C Technologies Co., Ltd.","展商,论坛主办方",战略合作伙伴,核心技术,Z2A-103,张江科学会堂,张江科学会堂-张江厅,VO_EXHIBITION_HALL_3,VO_EXHIBITOR_BOOTH_LOCATION_9,https://www.worldaic.com.cn/exhibitors,2026-07-18
14,参展企业,2b2f1a59e6934b8aaf759fb90f492394,曙光信息产业股份有限公司,"Sugon Information Industry Co., Ltd. ","展商,论坛主办方",战略合作伙伴,核心技术,H2-B116,世博展览馆,世博展览馆H2,VO_EXHIBITION_HALL_1,VO_EXHIBITOR_BOOTH_LOCATION_2,https://www.worldaic.com.cn/exhibitors,2026-07-18
15,参展企业,2b2f1a59e6934b8aaf759fb90f492394,曙光信息产业股份有限公司,"Sugon Information Industry Co., Ltd. ","展商,论坛主办方",战略合作伙伴,核心技术,Z2B-103,张江科学会堂,张江科学会堂-张江厅,VO_EXHIBITION_HALL_3,VO_EXHIBITOR_BOOTH_LOCATION_9,https://www.worldaic.com.cn/exhibitors,2026-07-18
16,参展企业,2b2f1a59e6934b8aaf759fb90f492394,曙光信息产业股份有限公司,"Sugon Information Industry Co., Ltd. ","展商,论坛主办方",战略合作伙伴,核心技术,Z1B-401,张江科学会堂,张江科学会堂-海科厅,VO_EXHIBITION_HALL_3,VO_EXHIBITOR_BOOTH_LOCATION_8,https://www.worldaic.com.cn/exhibitors,2026-07-18
17,参展企业,9037c6f1d2b744299ef356b3426a4124,沐曦集成电路（上海）股份有限公司,"MetaX Integrated Circuits (Shanghai) Co., Ltd.",展商,战略合作伙伴,核心技术,H2-B401,世博展览馆,世博展览馆H2,VO_EXHIBITION_HALL_1,VO_EXHIBITOR_BOOTH_LOCATION_2,https://www.worldaic.com.cn/exhibitors,2026-07-18
18,参展企业,9037c6f1d2b744299ef356b3426a4124,沐曦集成电路（上海）股份有限公司,"MetaX Integrated Circuits (Shanghai) Co., Ltd.",展商,战略合作伙伴,核心技术,Z1B-105,张江科学会堂,张江科学会堂-海科厅,VO_EXHIBITION_HALL_3,VO_EXHIBITOR_BOOTH_LOCATION_8,https://www.worldaic.com.cn/exhibitors,2026-07-18
19,参展企业,6e09b5d78ba541648126ceaa105fa82c,百度在线网络技术（北京）有限公司,"Baidu Online Network Technology (Beijing) Co., Ltd.",展商,战略合作伙伴,核心技术,H1-B107,世博展览馆,世博展览馆H1,VO_EXHIBITION_HALL_1,VO_EXHIBITOR_BOOTH_LOCATION_1,https://www.worldaic.com.cn/exhibitors,2026-07-18
20,参展企业,6e09b5d78ba541648126ceaa105fa82c,百度在线网络技术（北京）有限公司,"Baidu Online Network Technology (Beijing) Co., Ltd.",展商,战略合作伙伴,核心技术,X1C-511-02,西岸国际会展中心,西岸国际会展中心,VO_EXHIBITION_HALL_4,VO_EXHIBITOR_BOOTH_LOCATION_12,https://www.worldaic.com.cn/exhibitors,2026-07-18
21,参展企业,e27a40e9e2274df4bbd77becaf81efdb,科大讯飞,"iFLYTEK Co., Ltd.","展商,论坛主办方",战略合作伙伴,核心技术,H1-B116,世博展览馆,世博展览馆H1,VO_EXHIBITION_HALL_1,VO_EXHIBITOR_BOOTH_LOCATION_1,https://www.worldaic.com.cn/exhibitors,2026-07-18
22,参展企业,e27a40e9e2274df4bbd77becaf81efdb,科大讯飞,"iFLYTEK Co., Ltd.","展商,论坛主办方",战略合作伙伴,核心技术,X1B-307,西岸国际会展中心,西岸国际会展中心,VO_EXHIBITION_HALL_4,VO_EXHIBITOR_BOOTH_LOCATION_12,https://www.worldaic.com.cn/exhibitors,2026-07-18
23,参展企业,e27a40e9e2274df4bbd77becaf81efdb,科大讯飞,"iFLYTEK Co., Ltd.","展商,论坛主办方",战略合作伙伴,核心技术,X1C-511-03,西岸国际会展中心,西岸国际会展中心,VO_EXHIBITION_HALL_4,VO_EXHIBITOR_BOOTH_LOCATION_12,https://www.worldaic.com.cn/exhibitors,2026-07-18
24,参展企业,f7fd16784fc244028f093deb89cebcdc,腾讯,Tencent,"展商,论坛主办方",战略合作伙伴,"工业互联与智能制造,具身智能",H1-B801,世博展览馆,世博展览馆H1,VO_EXHIBITION_HALL_1,VO_EXHIBITOR_BOOTH_LOCATION_1,https://www.worldaic.com.cn/exhibitors,2026-07-18
25,参展企业,f7fd16784fc244028f093deb89cebcdc,腾讯,Tencent,"展商,论坛主办方",战略合作伙伴,"工业互联与智能制造,具身智能",X1A-501-05,西岸国际会展中心,西岸国际会展中心,VO_EXHIBITION_HALL_4,VO_EXHIBITOR_BOOTH_LOCATION_12,https://www.worldaic.com.cn/exhibitors,2026-07-18
26,参展企业,4f0fda6e2dbe4327a9784f42ad390ece,蚂蚁科技集团股份有限公司,ANT GROUP,"展商,论坛主办方",战略合作伙伴,金融科技,H1-C701,世博展览馆,世博展览馆H1,VO_EXHIBITION_HALL_1,VO_EXHIBITOR_BOOTH_LOCATION_1,https://www.worldaic.com.cn/exhibitors,2026-07-18
27,参展企业,4f0fda6e2dbe4327a9784f42ad390ece,蚂蚁科技集团股份有限公司,ANT GROUP,"展商,论坛主办方",战略合作伙伴,金融科技,X1C-511-01,西岸国际会展中心,西岸国际会展中心,VO_EXHIBITION_HALL_4,VO_EXHIBITOR_BOOTH_LOCATION_12,https://www.worldaic.com.cn/exhibitors,2026-07-18
28,参展企业,e63d7f503a714541aa8b276ae21c5d40,超聚变数字技术股份有限公司,"XFusion Digital Technologies Co., Ltd.","展商,论坛主办方",战略合作伙伴,核心技术,Z2A-107,张江科学会堂,张江科学会堂-张江厅,VO_EXHIBITION_HALL_3,VO_EXHIBITOR_BOOTH_LOCATION_9,https://www.worldaic.com.cn/exhibitors,2026-07-18
29,参展企业,e63d7f503a714541aa8b276ae21c5d40,超聚变数字技术股份有限公司,"XFusion Digital Technologies Co., Ltd.","展商,论坛主办方",战略合作伙伴,核心技术,H1-B119,世博展览馆,世博展览馆H1,VO_EXHIBITION_HALL_1,VO_EXHIBITOR_BOOTH_LOCATION_1,https://www.worldaic.com.cn/exhibitors,2026-07-18
30,参展企业,25963c64d0b54a98abcef208dd829929,阿里巴巴集团控股有限公司,Alibaba Group Holding Limited,"展商,论坛主办方",战略合作伙伴,核心技术,H1-C101,世博展览馆,世博展览馆H1,VO_EXHIBITION_HALL_1,VO_EXHIBITOR_BOOTH_LOCATION_1,https://www.worldaic.com.cn/exhibitors,2026-07-18
31,参展企业,25963c64d0b54a98abcef208dd829929,阿里巴巴集团控股有限公司,Alibaba Group Holding Limited,"展商,论坛主办方",战略合作伙伴,核心技术,R001,世博中心,世博中心,VO_EXHIBITION_HALL_2,VO_EXHIBITOR_BOOTH_LOCATION_6,https://www.worldaic.com.cn/exhibitors,2026-07-18
32,参展企业,e8b4e012dc05406a95bb032f9cc20e27,上海天数智芯半导体股份有限公司,"Shanghai Iluvatar CoreX Semiconductor Co., Ltd. ","展商,论坛主办方",卓越合作伙伴,核心技术,H2-C616,世博展览馆,世博展览馆H2,VO_EXHIBITION_HALL_1,VO_EXHIBITOR_BOOTH_LOCATION_2,https://www.worldaic.com.cn/exhibitors,2026-07-18
33,参展企业,e8b4e012dc05406a95bb032f9cc20e27,上海天数智芯半导体股份有限公司,"Shanghai Iluvatar CoreX Semiconductor Co., Ltd. ","展商,论坛主办方",卓越合作伙伴,核心技术,Z1A-608,张江科学会堂,张江科学会堂-海科厅,VO_EXHIBITION_HALL_3,VO_EXHIBITOR_BOOTH_LOCATION_8,https://www.worldaic.com.cn/exhibitors,2026-07-18
34,参展企业,1ba39b3847bd451d818baab9445e4a0a,上海库帕思科技有限公司,"Shanghai Kupas Technology Co., Ltd.","展商,论坛主办方",卓越合作伙伴,核心技术,H1-C311,世博展览馆,世博展览馆H1,VO_EXHIBITION_HALL_1,VO_EXHIBITOR_BOOTH_LOCATION_1,https://www.worldaic.com.cn/exhibitors,2026-07-18
35,参展企业,379778190d7a47f19a364b16731701a5,上海无问芯穹智能科技股份有限公司,Shanghai Infinigence AI Technology Joint Stock Company Limited,"展商,论坛主办方",卓越合作伙伴,核心技术,H1-B811,世博展览馆,世博展览馆H1,VO_EXHIBITION_HALL_1,VO_EXHIBITOR_BOOTH_LOCATION_1,https://www.worldaic.com.cn/exhibitors,2026-07-18
36,参展企业,0a2c53ac3f724d9f8477a07f7bc37e70,上海燧原科技股份有限公司,"Shanghai Enflame Technology Co., Ltd.","展商,论坛主办方",卓越合作伙伴,核心技术,H2-C117,世博展览馆,世博展览馆H2,VO_EXHIBITION_HALL_1,VO_EXHIBITOR_BOOTH_LOCATION_2,https://www.worldaic.com.cn/exhibitors,2026-07-18
37,参展企业,0a2c53ac3f724d9f8477a07f7bc37e70,上海燧原科技股份有限公司,"Shanghai Enflame Technology Co., Ltd.","展商,论坛主办方",卓越合作伙伴,核心技术,Z1A-601,张江科学会堂,张江科学会堂-海科厅,VO_EXHIBITION_HALL_3,VO_EXHIBITOR_BOOTH_LOCATION_8,https://www.worldaic.com.cn/exhibitors,2026-07-18
38,参展企业,9faf91f3249340b896abaf9538f02ccd,上海算丰信息有限公司,Suanova Information (Shanghai) Ltd. Co.,"展商,论坛主办方",卓越合作伙伴,核心技术,H2-C1416,世博展览馆,世博展览馆H2,VO_EXHIBITION_HALL_1,VO_EXHIBITOR_BOOTH_LOCATION_2,https://www.worldaic.com.cn/exhibitors,2026-07-18
39,参展企业,302e6d52297c4d0e9b0ea11f5ae65f7b,中兴通讯股份有限公司,ZTE Corporation,"展商,论坛主办方",卓越合作伙伴,核心技术,H2-C1109,世博展览馆,世博展览馆H2,VO_EXHIBITION_HALL_1,VO_EXHIBITOR_BOOTH_LOCATION_2,https://www.worldaic.com.cn/exhibitors,2026-07-18
40,参展企业,302e6d52297c4d0e9b0ea11f5ae65f7b,中兴通讯股份有限公司,ZTE Corporation,"展商,论坛主办方",卓越合作伙伴,核心技术,Z1B-107,张江科学会堂,张江科学会堂-海科厅,VO_EXHIBITION_HALL_3,VO_EXHIBITOR_BOOTH_LOCATION_8,https://www.worldaic.com.cn/exhibitors,2026-07-18
41,参展企业,302e6d52297c4d0e9b0ea11f5ae65f7b,中兴通讯股份有限公司,ZTE Corporation,"展商,论坛主办方",卓越合作伙伴,核心技术,X1C-511-05,西岸国际会展中心,西岸国际会展中心,VO_EXHIBITION_HALL_4,VO_EXHIBITOR_BOOTH_LOCATION_12,https://www.worldaic.com.cn/exhibitors,2026-07-18
42,参展企业,483677eebb544bfdb38b70117a81fe8c,中国信息通信科技集团有限公司,China Information Communication Technologies Group Corporation,展商,卓越合作伙伴,核心技术,H2-C701,世博展览馆,世博展览馆H2,VO_EXHIBITION_HALL_1,VO_EXHIBITOR_BOOTH_LOCATION_2,https://www.worldaic.com.cn/exhibitors,2026-07-18
43,参展企业,3f864db5ca64459eb8a4a9652d505285,中国国际金融股份有限公司,China International Capital Corporation Limited,"展商,论坛主办方",卓越合作伙伴,金融科技,L069,世博中心,世博中心,VO_EXHIBITION_HALL_2,VO_EXHIBITOR_BOOTH_LOCATION_6,https://www.worldaic.com.cn/exhibitors,2026-07-18
44,参展企业,43f3c10068304a778f8dc1eb57c7edc6,中国铁塔股份有限公司,China Tower Corporation Limited,"展商,论坛主办方",卓越合作伙伴,核心技术,H1-A810,世博展览馆,世博展览馆H1,VO_EXHIBITION_HALL_1,VO_EXHIBITOR_BOOTH_LOCATION_1,https://www.worldaic.com.cn/exhibitors,2026-07-18
45,参展企业,5ca6fc01d913491494e03f51621dfae6,京东集团,JD.COM,"展商,论坛主办方",卓越合作伙伴,核心技术,H1-C117,世博展览馆,世博展览馆H1,VO_EXHIBITION_HALL_1,VO_EXHIBITOR_BOOTH_LOCATION_1,https://www.worldaic.com.cn/exhibitors,2026-07-18
46,参展企业,45abbe1357d04da390bddcad47b3195c,北京清微智能科技股份有限公司,"Beijing Tsingmicro Intelligent Technology Co., Ltd.",展商,卓越合作伙伴,核心技术,Z1A-610,张江科学会堂,张江科学会堂-海科厅,VO_EXHIBITION_HALL_3,VO_EXHIBITOR_BOOTH_LOCATION_8,https://www.worldaic.com.cn/exhibitors,2026-07-18
47,参展企业,45abbe1357d04da390bddcad47b3195c,北京清微智能科技股份有限公司,"Beijing Tsingmicro Intelligent Technology Co., Ltd.",展商,卓越合作伙伴,核心技术, H2-C809,世博展览馆,世博展览馆H2,VO_EXHIBITION_HALL_1,VO_EXHIBITOR_BOOTH_LOCATION_2,https://www.worldaic.com.cn/exhibitors,2026-07-18
48,参展企业,3d09d561d1a746c682f48c97f4fb10e9,北京潞晨科技有限公司,HPC AI TECHNOLOGY PTE. LTD.,展商,卓越合作伙伴,核心技术,H1-C817,世博展览馆,世博展览馆H1,VO_EXHIBITION_HALL_1,VO_EXHIBITOR_BOOTH_LOCATION_1,https://www.worldaic.com.cn/exhibitors,2026-07-18
49,参展企业,0b4ca272e82f48348a439e16830343ae,卡奥斯数字科技（青岛）有限公司,"COSMOPlat  Digital Technology (Qingdao)Co., Ltd.",展商,卓越合作伙伴,工业互联与智能制造,H1-A813,世博展览馆,世博展览馆H1,VO_EXHIBITION_HALL_1,VO_EXHIBITOR_BOOTH_LOCATION_1,https://www.worldaic.com.cn/exhibitors,2026-07-18
50,参展企业,1c78a5a4d0a8453e8001cc9e1c5972ea,国泰海通证券股份有限公司,"Guotai Haitong Securities Co., Ltd","展商,论坛主办方",卓越合作伙伴,金融科技,H1-D105,世博展览馆,世博展览馆H1,VO_EXHIBITION_HALL_1,VO_EXHIBITOR_BOOTH_LOCATION_1,https://www.worldaic.com.cn/exhibitors,2026-07-18
51,参展企业,b975b848663d4387b80533128e1432f7,安擎计算机信息股份有限公司,"Enginetech Computer Co.,LTD",展商,卓越合作伙伴,核心技术,H2-C122,世博展览馆,世博展览馆H2,VO_EXHIBITION_HALL_1,VO_EXHIBITOR_BOOTH_LOCATION_2,https://www.worldaic.com.cn/exhibitors,2026-07-18
52,参展企业,b975b848663d4387b80533128e1432f7,安擎计算机信息股份有限公司,"Enginetech Computer Co.,LTD",展商,卓越合作伙伴,核心技术,Z2A-207,张江科学会堂,张江科学会堂-张江厅,VO_EXHIBITION_HALL_3,VO_EXHIBITOR_BOOTH_LOCATION_9,https://www.worldaic.com.cn/exhibitors,2026-07-18
53,参展企业,46b04c31f1e7489580a794d746c59e3e,摩尔线程智能科技（北京）股份有限公司,"Moore Threads Technology Co., Ltd.","展商,论坛主办方",卓越合作伙伴,核心技术,H2-C109,世博展览馆,世博展览馆H2,VO_EXHIBITION_HALL_1,VO_EXHIBITOR_BOOTH_LOCATION_2,https://www.worldaic.com.cn/exhibitors,2026-07-18
54,参展企业,46b04c31f1e7489580a794d746c59e3e,摩尔线程智能科技（北京）股份有限公司,"Moore Threads Technology Co., Ltd.","展商,论坛主办方",卓越合作伙伴,核心技术,Z1C-101,张江科学会堂,张江科学会堂-海科厅,VO_EXHIBITION_HALL_3,VO_EXHIBITOR_BOOTH_LOCATION_8,https://www.worldaic.com.cn/exhibitors,2026-07-18
55,参展企业,56eddf37830b4c89ab5728ab626cc426,昆仑芯（北京）科技股份有限公司,"Kunlunxin Technology (Beijing) Co., Ltd.",展商,卓越合作伙伴,其他,H2-B111,世博展览馆,世博展览馆H2,VO_EXHIBITION_HALL_1,VO_EXHIBITOR_BOOTH_LOCATION_2,https://www.worldaic.com.cn/exhibitors,2026-07-18
56,参展企业,56eddf37830b4c89ab5728ab626cc426,昆仑芯（北京）科技股份有限公司,"Kunlunxin Technology (Beijing) Co., Ltd.",展商,卓越合作伙伴,其他,Z1B-110,张江科学会堂,张江科学会堂-海科厅,VO_EXHIBITION_HALL_3,VO_EXHIBITOR_BOOTH_LOCATION_8,https://www.worldaic.com.cn/exhibitors,2026-07-18
57,参展企业,61730deca8fa46ec8ab49e47ed977ef8,武汉超擎数智科技有限公司,"Wuhan ChaoQing Technology Co.,Ltd","展商,论坛主办方",卓越合作伙伴,核心技术,H2-C1016,世博展览馆,世博展览馆H2,VO_EXHIBITION_HALL_1,VO_EXHIBITOR_BOOTH_LOCATION_2,https://www.worldaic.com.cn/exhibitors,2026-07-18
58,参展企业,e7a5085361bb44a68dbedd4319ccaabc,润建股份有限公司,"Runjian Co., Ltd.","展商,论坛主办方",卓越合作伙伴,核心技术,H2-C609,世博展览馆,世博展览馆H2,VO_EXHIBITION_HALL_1,VO_EXHIBITOR_BOOTH_LOCATION_2,https://www.worldaic.com.cn/exhibitors,2026-07-18
59,参展企业,9dadf884c33d4ae4a3053b91774fb608,维谛技术有限公司,"Vertiv Tech Co., Ltd.",展商,卓越合作伙伴,制造业,H1-B130,世博展览馆,世博展览馆H1,VO_EXHIBITION_HALL_1,VO_EXHIBITOR_BOOTH_LOCATION_1,https://www.worldaic.com.cn/exhibitors,2026-07-18
60,参展企业,76a3952183b04ab0ae005b21a845f0ff,联想集团,Lenovo Group,"展商,论坛主办方",卓越合作伙伴,核心技术,H1-C807,世博展览馆,世博展览馆H1,VO_EXHIBITION_HALL_1,VO_EXHIBITOR_BOOTH_LOCATION_1,https://www.worldaic.com.cn/exhibitors,2026-07-18
61,参展企业,17bf62466be847d1b0c93e891605d0ec,荣耀终端股份有限公司,"Honor Device Co., Ltd.","展商,论坛主办方",卓越合作伙伴,智能终端,X1C-511-08,西岸国际会展中心,西岸国际会展中心,VO_EXHIBITION_HALL_4,VO_EXHIBITOR_BOOTH_LOCATION_12,https://www.worldaic.com.cn/exhibitors,2026-07-18
62,参展企业,a736a8a03ba04d78af305ac55fba9255,西门子（中国）有限公司,"Siemens Ltd., China","展商,论坛主办方",卓越合作伙伴,工业互联与智能制造,H1-A1105,世博展览馆,世博展览馆H1,VO_EXHIBITION_HALL_1,VO_EXHIBITOR_BOOTH_LOCATION_1,https://www.worldaic.com.cn/exhibitors,2026-07-18
63,参展企业,0c63808f2cc14701a7fb03f74d183ef3,上海合合信息科技股份有限公司," INTSIG INFORMATION CO., LTD.",展商,精英合作伙伴,核心技术,H1-B1130,世博展览馆,世博展览馆H1,VO_EXHIBITION_HALL_1,VO_EXHIBITOR_BOOTH_LOCATION_1,https://www.worldaic.com.cn/exhibitors,2026-07-18
64,参展企业,f06228f280724b1cb8bfdc1c95f8df63,上海宝信软件股份有限公司,"Shanghai Baosight Software Co., Ltd",展商,精英合作伙伴,工业互联与智能制造,H1-A1021,世博展览馆,世博展览馆H1,VO_EXHIBITION_HALL_1,VO_EXHIBITOR_BOOTH_LOCATION_1,https://www.worldaic.com.cn/exhibitors,2026-07-18
65,参展企业,e130580e356c4d44bee1d268f2d642d4,上海思朗科技股份有限公司,"Shanghai Smart Logic Technology Co., Ltd.","展商,论坛主办方",精英合作伙伴,核心技术,H2-C1020,世博展览馆,世博展览馆H2,VO_EXHIBITION_HALL_1,VO_EXHIBITOR_BOOTH_LOCATION_2,https://www.worldaic.com.cn/exhibitors,2026-07-18
66,参展企业,17f7a420fb61470c8aac918c67a3db9f,上海稀宇极智科技有限公司,MiniMax,展商,精英合作伙伴,核心技术,H1-A801,世博展览馆,世博展览馆H1,VO_EXHIBITION_HALL_1,VO_EXHIBITOR_BOOTH_LOCATION_1,https://www.worldaic.com.cn/exhibitors,2026-07-18
67,参展企业,17f7a420fb61470c8aac918c67a3db9f,上海稀宇极智科技有限公司,MiniMax,展商,精英合作伙伴,核心技术,X1A-501-08,西岸国际会展中心,西岸国际会展中心,VO_EXHIBITION_HALL_4,VO_EXHIBITOR_BOOTH_LOCATION_12,https://www.worldaic.com.cn/exhibitors,2026-07-18
68,参展企业,e8504c1ab2cd46bfb8288d9582a52d09,人工智能之旅,Artificial Intelligence Journey,"展商,论坛主办方",精英合作伙伴,核心技术,H2-E123,世博展览馆,世博展览馆H2,VO_EXHIBITION_HALL_1,VO_EXHIBITOR_BOOTH_LOCATION_2,https://www.worldaic.com.cn/exhibitors,2026-07-18
69,参展企业,60d56e2c8de545088dff8754d952e1a4,北京中科闻歌科技股份有限公司,"Beijing Wenge Technology Co.,Ltd","展商,论坛主办方",精英合作伙伴,核心技术,H1-B1025,世博展览馆,世博展览馆H1,VO_EXHIBITION_HALL_1,VO_EXHIBITOR_BOOTH_LOCATION_1,https://www.worldaic.com.cn/exhibitors,2026-07-18
70,参展企业,f071519f692048e28005719e9267f038,北京九章云极科技股份有限公司,"DataCanvas Co., Ltd.","展商,论坛主办方",精英合作伙伴,核心技术,H1-B138,世博展览馆,世博展览馆H1,VO_EXHIBITION_HALL_1,VO_EXHIBITOR_BOOTH_LOCATION_1,https://www.worldaic.com.cn/exhibitors,2026-07-18
71,参展企业,2a28d4f0514543d88701261c5ebecb43,北京电子数智科技有限责任公司,"Beijing Electronic Digital&Intelligence Co., Ltd","展商,论坛主办方",精英合作伙伴,核心技术,H1-A1032,世博展览馆,世博展览馆H1,VO_EXHIBITION_HALL_1,VO_EXHIBITOR_BOOTH_LOCATION_1,https://www.worldaic.com.cn/exhibitors,2026-07-18
72,参展企业,0ffa78727f72451ca8dd15bf3fe02ed9,华泰证券股份有限公司,"Huatai Securities Co., Ltd.","展商,论坛主办方",精英合作伙伴,金融科技,H4-101,世博展览馆,世博展览馆H4,VO_EXHIBITION_HALL_1,VO_EXHIBITOR_BOOTH_LOCATION_11,https://www.worldaic.com.cn/exhibitors,2026-07-18
73,参展企业,70f25991fae449aab78292571db4994e,厦门供应链数智创新有限公司,"Xiamen Smartchain Innovations Co., Ltd.",展商,精英合作伙伴,交通运输、仓储和邮政业,H2-D520,世博展览馆,世博展览馆H2,VO_EXHIBITION_HALL_1,VO_EXHIBITOR_BOOTH_LOCATION_2,https://www.worldaic.com.cn/exhibitors,2026-07-18
74,参展企业,ccb14751da51472394dbb2d40b2f9637,厦门算能科技股份有限公司,"Xiamen Sophgo Technologies Co., Ltd.",展商,精英合作伙伴,核心技术,Z1C-103,张江科学会堂,张江科学会堂-海科厅,VO_EXHIBITION_HALL_3,VO_EXHIBITOR_BOOTH_LOCATION_8,https://www.worldaic.com.cn/exhibitors,2026-07-18
75,参展企业,ebcf8e963c2b480f836b09d2fa36c6e9,启明维创创业投资管理（上海）有限公司,Qiming Venture Partners,"展商,论坛主办方",精英合作伙伴,其他,L052,世博中心,世博中心,VO_EXHIBITION_HALL_2,VO_EXHIBITOR_BOOTH_LOCATION_6,https://www.worldaic.com.cn/exhibitors,2026-07-18
76,参展企业,8cea16186ade4439958eb3dfdaf73ed0,国家石油天然气管网集团,CHINA OIL& GAS PIPELINE NETWORK CORPORATION,展商,精英合作伙伴,交通运输、仓储和邮政业,H1-D125,世博展览馆,世博展览馆H1,VO_EXHIBITION_HALL_1,VO_EXHIBITOR_BOOTH_LOCATION_1,https://www.worldaic.com.cn/exhibitors,2026-07-18
77,参展企业,ef83e2c5569048a38d48adb16bb03181,太初（杭州）集成电路有限公司,"Tecorigin (Hangzhou) Integrated Circuit Co., Ltd.","展商,论坛主办方",精英合作伙伴,核心技术,Z1C-108,张江科学会堂,张江科学会堂-海科厅,VO_EXHIBITION_HALL_3,VO_EXHIBITOR_BOOTH_LOCATION_8,https://www.worldaic.com.cn/exhibitors,2026-07-18
78,参展企业,6f4fbeaaacd24d069927e2410e99678d,思科科技(北京)有限公司,"Cisco Technologies (Beijing) Co., Ltd.","展商,论坛主办方",精英合作伙伴,工业互联与智能制造,H2-B108,世博展览馆,世博展览馆H2,VO_EXHIBITION_HALL_1,VO_EXHIBITOR_BOOTH_LOCATION_2,https://www.worldaic.com.cn/exhibitors,2026-07-18
79,参展企业,073e3f9ee6ed40a3b7734ccac708828c,施耐德电气（中国）有限公司,"Schneider Electric (China) Co., Ltd.",展商,精英合作伙伴,"工业互联与智能制造,制造业,智慧城市",H1-A1125,世博展览馆,世博展览馆H1,VO_EXHIBITION_HALL_1,VO_EXHIBITOR_BOOTH_LOCATION_1,https://www.worldaic.com.cn/exhibitors,2026-07-18
80,参展企业,785cb58c4395422593b79ed45dceaf36,无限光年（上海）科技有限公司,"INF Technology (Shanghai) Co.,Ltd.",展商,精英合作伙伴,核心技术,H1-B424,世博展览馆,世博展览馆H1,VO_EXHIBITION_HALL_1,VO_EXHIBITOR_BOOTH_LOCATION_1,https://www.worldaic.com.cn/exhibitors,2026-07-18
81,参展企业,67fde7017602460586eaba1266ba249f,星环信息科技（上海）股份有限公司,"Transwarp Technology(Shanghai) Co.,Ltd.","展商,论坛主办方",精英合作伙伴,核心技术,H1-B124,世博展览馆,世博展览馆H1,VO_EXHIBITION_HALL_1,VO_EXHIBITOR_BOOTH_LOCATION_1,https://www.worldaic.com.cn/exhibitors,2026-07-18
82,参展企业,2051e39a6c644888bd041baf86689272,是石科技（平湖）有限公司,"Meta-stone Technology (Pinghu) Co., Ltd.",展商,精英合作伙伴,核心技术,H1-B1020,世博展览馆,世博展览馆H1,VO_EXHIBITION_HALL_1,VO_EXHIBITOR_BOOTH_LOCATION_1,https://www.worldaic.com.cn/exhibitors,2026-07-18
83,参展企业,ef8021e6a99c43ca8a0e12471f4427ea,智慧芽信息科技（苏州）有限公司,PatSnap Pte Ltd.,展商,精英合作伙伴,核心技术,H1-C1125,世博展览馆,世博展览馆H1,VO_EXHIBITION_HALL_1,VO_EXHIBITOR_BOOTH_LOCATION_1,https://www.worldaic.com.cn/exhibitors,2026-07-18
84,参展企业,442677dec52e4f3c99f158334efbe183,杭州深度原理科技有限责任公司,"Hangzhou Deep Principle Technology Co., Ltd","展商,论坛主办方",精英合作伙伴,核心技术,H1-D825,世博展览馆,世博展览馆H1,VO_EXHIBITION_HALL_1,VO_EXHIBITOR_BOOTH_LOCATION_1,https://www.worldaic.com.cn/exhibitors,2026-07-18
85,参展企业,80945a95057b4aed8f11a7752dd2cf09,此芯科技集团有限公司,"CIX Technology Group Co., Ltd",展商,精英合作伙伴,核心技术,H2-C620,世博展览馆,世博展览馆H2,VO_EXHIBITION_HALL_1,VO_EXHIBITOR_BOOTH_LOCATION_2,https://www.worldaic.com.cn/exhibitors,2026-07-18
86,参展企业,cdcf9d2a1fef430192b98b019777c6a2,毕马威企业咨询（中国）有限公司,KPMG Advisory (China) Limited,"展商,论坛主办方",精英合作伙伴,金融科技,L030,世博中心,世博中心,VO_EXHIBITION_HALL_2,VO_EXHIBITOR_BOOTH_LOCATION_6,https://www.worldaic.com.cn/exhibitors,2026-07-18
87,参展企业,f624dcee3f2a41178f23b0b38e3903e7,汇付天下有限公司,Shanghai Huifu Payment Co. Ltd,"展商,论坛主办方",精英合作伙伴,金融科技,H1-D1304,世博展览馆,世博展览馆H1,VO_EXHIBITION_HALL_1,VO_EXHIBITOR_BOOTH_LOCATION_1,https://www.worldaic.com.cn/exhibitors,2026-07-18
88,参展企业,94f59b8b27ee4715831d9b60d24cf8e6,派欧云计算（上海）有限公司,"PPIO Cloud Computing (Shanghai) Co., Ltd",展商,精英合作伙伴,核心技术,H1-C1030,世博展览馆,世博展览馆H1,VO_EXHIBITION_HALL_1,VO_EXHIBITOR_BOOTH_LOCATION_1,https://www.worldaic.com.cn/exhibitors,2026-07-18
89,参展企业,4cf816325848484897b06f86f21bffbd,浙江杭钢数字科技有限公司,Zhejiang Hanggang Digital Technology Company Limited,展商,精英合作伙伴,其他,H2-B625,世博展览馆,世博展览馆H2,VO_EXHIBITION_HALL_1,VO_EXHIBITOR_BOOTH_LOCATION_2,https://www.worldaic.com.cn/exhibitors,2026-07-18
90,参展企业,4040f532369643dc9a64f5e0fdc11e7b,浪潮集团有限公司,"Inspur Group Co., Ltd.","展商,论坛主办方",精英合作伙伴,核心技术,H1-B1017,世博展览馆,世博展览馆H1,VO_EXHIBITION_HALL_1,VO_EXHIBITOR_BOOTH_LOCATION_1,https://www.worldaic.com.cn/exhibitors,2026-07-18
91,参展企业,bc99bf9218084c07b246056d3ab1910e,百川智能科技有限公司,Baichuan AI,展商,精英合作伙伴,核心技术,H1-C825,世博展览馆,世博展览馆H1,VO_EXHIBITION_HALL_1,VO_EXHIBITOR_BOOTH_LOCATION_1,https://www.worldaic.com.cn/exhibitors,2026-07-18
92,参展企业,6027d2b2ba7a41daa0da807890958960,神州数码集团股份有限公司,"Digital China Group Co., Ltd.","展商,论坛主办方",精英合作伙伴,核心技术,H2-B118,世博展览馆,世博展览馆H2,VO_EXHIBITION_HALL_1,VO_EXHIBITOR_BOOTH_LOCATION_2,https://www.worldaic.com.cn/exhibitors,2026-07-18
93,参展企业,ab2e7933dc584e358121b52cead8abc1,芯鑫融资租赁集团股份有限公司,"Semi-Tech Leasing Group Co.,Ltd.","展商,论坛主办方",精英合作伙伴,金融科技,L086,世博中心,世博中心,VO_EXHIBITION_HALL_2,VO_EXHIBITOR_BOOTH_LOCATION_6,https://www.worldaic.com.cn/exhibitors,2026-07-18
94,参展企业,95b40dfe3b0a47ff8d87522f61c2f294,香港生產力促進局,The Hong Kong Productivity Council,展商,精英合作伙伴,政府/机构,H2-E104,世博展览馆,世博展览馆H2,VO_EXHIBITION_HALL_1,VO_EXHIBITOR_BOOTH_LOCATION_2,https://www.worldaic.com.cn/exhibitors,2026-07-18
95,参展企业,76798c7c8fff4a6aba8461068d26b7e0,上海光挚源投资管理有限公司,Lighthouse Capital,"展商,论坛主办方",创投生态合作伙伴,投资机构,H4-FT C015,世博展览馆,世博展览馆H4,VO_EXHIBITION_HALL_1,VO_EXHIBITOR_BOOTH_LOCATION_11,https://www.worldaic.com.cn/exhibitors,2026-07-18
96,参展企业,5661a944c67042b589a18c568cf992e8,上海国有资本投资有限公司,"Shanghai State-owned Capital Investment Co.,Ltd.","展商,论坛主办方",创投生态合作伙伴,投资机构,H4-150,世博展览馆,世博展览馆H4,VO_EXHIBITION_HALL_1,VO_EXHIBITOR_BOOTH_LOCATION_11,https://www.worldaic.com.cn/exhibitors,2026-07-18
97,参展企业,bd49e9ed14bc47159cc52cbc06a2c797,上海容易链智能科技有限公司,"Shanghai Rongyilian Intelligent Technology Co., Ltd.",展商,创投生态合作伙伴,核心技术,H4  FT B037,世博展览馆,世博展览馆H4,VO_EXHIBITION_HALL_1,VO_EXHIBITOR_BOOTH_LOCATION_11,https://www.worldaic.com.cn/exhibitors,2026-07-18
98,参展企业,9ee2717d908b47e2bf9c5f750f4b6981,上海张江科学之门科技发展有限公司,"Shanghai Zhangjiang Science Gate Technology Development Co., Ltd","展商,论坛主办方",创投生态合作伙伴,核心技术,H4  FT  D001,世博展览馆,世博展览馆H4,VO_EXHIBITION_HALL_1,VO_EXHIBITOR_BOOTH_LOCATION_11,https://www.worldaic.com.cn/exhibitors,2026-07-18
99,参展企业,f44783b2ca2449298ac304e4fc4b0ae9,上海百型智能科技有限公司,"Shanghai Baixing Intelligent Technology Co., Ltd，","展商,论坛主办方",创投生态合作伙伴,核心技术,H4 FT B038,世博展览馆,世博展览馆H4,VO_EXHIBITION_HALL_1,VO_EXHIBITOR_BOOTH_LOCATION_11,https://www.worldaic.com.cn/exhibitors,2026-07-18
100,参展企业,721c0a07c9aa491fa3e0fb58a2c56efb,北京才多对信息技术有限公司,True Talents Connect,展商,创投生态合作伙伴,核心技术,H4 FT C022,世博展览馆,世博展览馆H4,VO_EXHIBITION_HALL_1,VO_EXHIBITOR_BOOTH_LOCATION_11,https://www.worldaic.com.cn/exhibitors,2026-07-18
101,参展企业,721c0a07c9aa491fa3e0fb58a2c56efb,北京才多对信息技术有限公司,True Talents Connect,展商,创投生态合作伙伴,核心技术,H1-A111,世博展览馆,世博展览馆H1,VO_EXHIBITION_HALL_1,VO_EXHIBITOR_BOOTH_LOCATION_1,https://www.worldaic.com.cn/exhibitors,2026-07-18
102,参展企业,e19887bcf33f4b25b1da1da7ff00e34d,南通创新区产业招商有限公司,"Nantong Innovation District Industrial Investment Promotion Co., Ltd.","展商,论坛主办方",创投生态合作伙伴,政府/机构,H4 FT C020,世博展览馆,世博展览馆H4,VO_EXHIBITION_HALL_1,VO_EXHIBITOR_BOOTH_LOCATION_11,https://www.worldaic.com.cn/exhibitors,2026-07-18
103,参展企业,c6b26f5ce6144beb8cba2a00f1261e45,欧莱雅（中国）有限公司,L’Oréal Groupe,"展商,论坛主办方",创投生态合作伙伴,其他,H4 FT C007,世博展览馆,世博展览馆H4,VO_EXHIBITION_HALL_1,VO_EXHIBITOR_BOOTH_LOCATION_11,https://www.worldaic.com.cn/exhibitors,2026-07-18
104,参展企业,62d14d87e3c846e183ddd75b6a13c0ac,空中云汇(上海)网络科技有限公司,Airwallex,"展商,论坛主办方",创投生态合作伙伴,金融科技,H4 FT C008,世博展览馆,世博展览馆H4,VO_EXHIBITION_HALL_1,VO_EXHIBITOR_BOOTH_LOCATION_11,https://www.worldaic.com.cn/exhibitors,2026-07-18
105,参展企业,879209d669324307b662164fe713b453,行吟信息科技（上海）有限公司,"Xingyin Information Technology (Shanghai) Co., Ltd.","展商,论坛主办方",创投生态合作伙伴,其他,H4 FT B401,世博展览馆,世博展览馆H4,VO_EXHIBITION_HALL_1,VO_EXHIBITOR_BOOTH_LOCATION_11,https://www.worldaic.com.cn/exhibitors,2026-07-18
106,参展企业,28ead11d57a84f6eaf4579aed50e85b8,谷歌广告（上海）有限公司,Google Information Technology(China) Company Limited,"展商,论坛主办方",创投生态合作伙伴,其他,H4 FT C009,世博展览馆,世博展览馆H4,VO_EXHIBITION_HALL_1,VO_EXHIBITOR_BOOTH_LOCATION_11,https://www.worldaic.com.cn/exhibitors,2026-07-18
107,参展企业,28ead11d57a84f6eaf4579aed50e85b8,谷歌广告（上海）有限公司,Google Information Technology(China) Company Limited,"展商,论坛主办方",创投生态合作伙伴,其他,H1-C130,世博展览馆,世博展览馆H1,VO_EXHIBITION_HALL_1,VO_EXHIBITOR_BOOTH_LOCATION_1,https://www.worldaic.com.cn/exhibitors,2026-07-18
108,参展企业,aeaa81e3c3204fa984f073a9c60c043d,abYcloud ltd,abYcloud ltd,展商,FT初创项目,智慧医疗,H4-FT D004,世博展览馆,世博展览馆H4,VO_EXHIBITION_HALL_1,VO_EXHIBITOR_BOOTH_LOCATION_11,https://www.worldaic.com.cn/exhibitors,2026-07-18
109,参展企业,e6ec52dfefb343ea97cedc8aeb1953bf,AI SEMI LIMITED,AI SEMI LIMITED,展商,FT初创项目,核心技术,H4-FT A004,世博展览馆,世博展览馆H4,VO_EXHIBITION_HALL_1,VO_EXHIBITOR_BOOTH_LOCATION_11,https://www.worldaic.com.cn/exhibitors,2026-07-18
110,参展企业,367ac3a6645448bd84477a18c055d532,CHANCE ART & TECHNOLOGY PTE. LTD.,CHANCE ART & TECHNOLOGY PTE. LTD.,展商,FT初创项目,核心技术,H4-FT A012,世博展览馆,世博展览馆H4,VO_EXHIBITION_HALL_1,VO_EXHIBITOR_BOOTH_LOCATION_11,https://www.worldaic.com.cn/exhibitors,2026-07-18
111,参展企业,f62e8116814d426eaffdd2aefdf3e42f,Contexq,ContexQ Pte. Ltd.,展商,FT初创项目,金融科技,H4-FT C012,世博展览馆,世博展览馆H4,VO_EXHIBITION_HALL_1,VO_EXHIBITOR_BOOTH_LOCATION_11,https://www.worldaic.com.cn/exhibitors,2026-07-18
112,参展企业,3c3c98c54ec442dea40d3f610f9fa688,Digit Master AI Tech Co Limited,Digit Master AI Tech Co Limited,展商,FT初创项目,核心技术,H4-FT C068,世博展览馆,世博展览馆H4,VO_EXHIBITION_HALL_1,VO_EXHIBITOR_BOOTH_LOCATION_11,https://www.worldaic.com.cn/exhibitors,2026-07-18
113,参展企业,ae573cbc258a4745bc10a83f10717729,Dubrio LLC,Cerul,展商,FT初创项目,核心技术,H4-FT A016,世博展览馆,世博展览馆H4,VO_EXHIBITION_HALL_1,VO_EXHIBITOR_BOOTH_LOCATION_11,https://www.worldaic.com.cn/exhibitors,2026-07-18
114,参展企业,fe05fd68059543cba27cba1b590698e3,EVOMAP PTE. LTD.,EVOMAP PTE. LTD.,展商,FT初创项目,核心技术,H4-FT A019,世博展览馆,世博展览馆H4,VO_EXHIBITION_HALL_1,VO_EXHIBITOR_BOOTH_LOCATION_11,https://www.worldaic.com.cn/exhibitors,2026-07-18
115,参展企业,9f8f0f72487a4fd48b7749c061615475,Farmio,Farmio,展商,FT初创项目,核心技术,H4-FT C016,世博展览馆,世博展览馆H4,VO_EXHIBITION_HALL_1,VO_EXHIBITOR_BOOTH_LOCATION_11,https://www.worldaic.com.cn/exhibitors,2026-07-18
116,参展企业,ff784605d7c846ce9e63efebc3e99bab,Gamercury AI,GAMERCURY AI TECHNOLOGY PTE. LTD.,展商,FT初创项目,文娱艺术与元宇宙,H4-FT C053,世博展览馆,世博展览馆H4,VO_EXHIBITION_HALL_1,VO_EXHIBITOR_BOOTH_LOCATION_11,https://www.worldaic.com.cn/exhibitors,2026-07-18
117,参展企业,b34f1560d1dc4d899d7bd78f18aa7c7d,HooRii Technology (HK) Limited,HooRii Technology (HK) Limited,展商,FT初创项目,智能终端,H4-FT B005,世博展览馆,世博展览馆H4,VO_EXHIBITION_HALL_1,VO_EXHIBITOR_BOOTH_LOCATION_11,https://www.worldaic.com.cn/exhibitors,2026-07-18
118,参展企业,28930527429d406fa88b61f464aeae55,HyperAccel,HyperAccel,展商,FT初创项目,核心技术,H4-FT A001,世博展览馆,世博展览馆H4,VO_EXHIBITION_HALL_1,VO_EXHIBITOR_BOOTH_LOCATION_11,https://www.worldaic.com.cn/exhibitors,2026-07-18
119,参展企业,e1478f1422d84d9da2adc2302f84a67b,Hyperspace AI Ltd,Hyperspace AI Ltd,展商,FT初创项目,核心技术,H4-FT A003,世博展览馆,世博展览馆H4,VO_EXHIBITION_HALL_1,VO_EXHIBITOR_BOOTH_LOCATION_11,https://www.worldaic.com.cn/exhibitors,2026-07-18
120,参展企业,2a77d77479c141d18ed3b8569d9a4cb8,IndustrialNext,IndustrialNext,展商,FT初创项目,工业互联与智能制造,H4-FT B306,世博展览馆,世博展览馆H4,VO_EXHIBITION_HALL_1,VO_EXHIBITOR_BOOTH_LOCATION_11,https://www.worldaic.com.cn/exhibitors,2026-07-18
121,参展企业,382094feb4474226a02a31e76514d39a,Leapstack International Ltd,GCT SOLUTIONS x  LEAPSTACK,展商,FT初创项目,核心技术,H4-FT C005,世博展览馆,世博展览馆H4,VO_EXHIBITION_HALL_1,VO_EXHIBITOR_BOOTH_LOCATION_11,https://www.worldaic.com.cn/exhibitors,2026-07-18
122,参展企业,1ef1108d4b1d4fd88f20f163463a8fc7,MeetSummer Technology Limited,MEETSUMMER TECHNOLOGY LIMITED,展商,FT初创项目,智能终端,H4-FT B006,世博展览馆,世博展览馆H4,VO_EXHIBITION_HALL_1,VO_EXHIBITOR_BOOTH_LOCATION_11,https://www.worldaic.com.cn/exhibitors,2026-07-18
123,参展企业,6855281ff47047d89e9903e510e98d2e,Mira,Mira,展商,FT初创项目,智能终端,H4-FT B007,世博展览馆,世博展览馆H4,VO_EXHIBITION_HALL_1,VO_EXHIBITOR_BOOTH_LOCATION_11,https://www.worldaic.com.cn/exhibitors,2026-07-18
124,参展企业,891fd084c6f3491ea2300356ea8caf7e,Nama,Nama,展商,FT初创项目,核心技术,H4-FT C040,世博展览馆,世博展览馆H4,VO_EXHIBITION_HALL_1,VO_EXHIBITOR_BOOTH_LOCATION_11,https://www.worldaic.com.cn/exhibitors,2026-07-18
125,参展企业,b129686f8baf468db09a73d1a54773b9,PepiX™-AI大环肽药物研发,"PepiX™, The AI Path to Peptide Medicine",展商,FT初创项目,核心技术,H4-FT D002,世博展览馆,世博展览馆H4,VO_EXHIBITION_HALL_1,VO_EXHIBITOR_BOOTH_LOCATION_11,https://www.worldaic.com.cn/exhibitors,2026-07-18
126,参展企业,d81b068192f74ce5a370a33656909c19,SPREEAI,SPREEAI,展商,FT初创项目,核心技术,H4,世博展览馆,世博展览馆H4,VO_EXHIBITION_HALL_1,VO_EXHIBITOR_BOOTH_LOCATION_11,https://www.worldaic.com.cn/exhibitors,2026-07-18
127,参展企业,80b9a6198e2745a6acc8950c6a45735d,Zinc Technologies Pte Ltd,Zinc Technologies Pte Ltd,展商,FT初创项目,其他,H4-FT C067,世博展览馆,世博展览馆H4,VO_EXHIBITION_HALL_1,VO_EXHIBITOR_BOOTH_LOCATION_11,https://www.worldaic.com.cn/exhibitors,2026-07-18
128,参展企业,e8b64e47c41f4901a98a8893e5314537,上海一行万物科技有限公司,"Shanghai Acture Tech Co., Ltd.",展商,FT初创项目,核心技术,H4-FT C037,世博展览馆,世博展览馆H4,VO_EXHIBITION_HALL_1,VO_EXHIBITOR_BOOTH_LOCATION_11,https://www.worldaic.com.cn/exhibitors,2026-07-18
129,参展企业,f8501c531c164981a9bd545a9f4fda9e,上海不筹量子科技有限公司,"Shanghai Buchou Quantum Technology Co., Ltd.",展商,FT初创项目,核心技术,H4-FT D012,世博展览馆,世博展览馆H4,VO_EXHIBITION_HALL_1,VO_EXHIBITOR_BOOTH_LOCATION_11,https://www.worldaic.com.cn/exhibitors,2026-07-18
130,参展企业,f16af99188cb4df1b13acb3c9ed73d2e,上海云工涌现科技有限公司,"Shanghai Yungong Al Technology Co., Ltd.",展商,FT初创项目,"核心技术,智能终端,智慧城市",H4-FT C032,世博展览馆,世博展览馆H4,VO_EXHIBITION_HALL_1,VO_EXHIBITOR_BOOTH_LOCATION_11,https://www.worldaic.com.cn/exhibitors,2026-07-18
131,参展企业,e436957080324480883c7b85d9949b64,上海元我智能科技有限公司,"Shanghai Yuanwo Intelligence Technology Co., Ltd. ",展商,FT初创项目,核心技术,H4-FT A009,世博展览馆,世博展览馆H4,VO_EXHIBITION_HALL_1,VO_EXHIBITOR_BOOTH_LOCATION_11,https://www.worldaic.com.cn/exhibitors,2026-07-18
132,参展企业,b8102312a8c34f318ddbe87b9653fc7a,上海冰鲸科技有限公司,"ShangHai IceWhale Technology Co., Ltd.",展商,FT初创项目,智能终端,H4-FT C069,世博展览馆,世博展览馆H4,VO_EXHIBITION_HALL_1,VO_EXHIBITOR_BOOTH_LOCATION_11,https://www.worldaic.com.cn/exhibitors,2026-07-18
133,参展企业,8a2cc845d8ed46a79292f871e59e0b88,上海天码形空科技有限公司,"Shanghai Tianma Xingkong Technology Co., Ltd.",展商,FT初创项目,核心技术,H4-FT C060,世博展览馆,世博展览馆H4,VO_EXHIBITION_HALL_1,VO_EXHIBITOR_BOOTH_LOCATION_11,https://www.worldaic.com.cn/exhibitors,2026-07-18
134,参展企业,50a6cf2b6a4e4365b56892927e47bf84,上海如骋琦智能科技有限公司,"Shanghai Ruchengqi Intelligent Technology Co., Ltd.",展商,FT初创项目,文娱艺术与元宇宙,H4-FT C059,世博展览馆,世博展览馆H4,VO_EXHIBITION_HALL_1,VO_EXHIBITOR_BOOTH_LOCATION_11,https://www.worldaic.com.cn/exhibitors,2026-07-18
135,参展企业,1bad27c0f56f45fa83a992aff2965621,上海孪心医疗科技有限公司,"Shanghai Twinsmed Medical Co., Ltd.",展商,FT初创项目,智慧医疗,H4-FT C004,世博展览馆,世博展览馆H4,VO_EXHIBITION_HALL_1,VO_EXHIBITOR_BOOTH_LOCATION_11,https://www.worldaic.com.cn/exhibitors,2026-07-18
136,参展企业,eb0739243b2347e7b79b00cd5f780565,上海守扣科技有限公司,"Shanghai Shoukou Technology Co., Ltd.",展商,FT初创项目,核心技术,H4-FT C046,世博展览馆,世博展览馆H4,VO_EXHIBITION_HALL_1,VO_EXHIBITOR_BOOTH_LOCATION_11,https://www.worldaic.com.cn/exhibitors,2026-07-18
137,参展企业,8b5050419993414e814212726053ae7f,上海宏诺伊曼科技有限公司,Honor Neumann Technology (Shanghai),展商,FT初创项目,核心技术,H4-FT A020,世博展览馆,世博展览馆H4,VO_EXHIBITION_HALL_1,VO_EXHIBITOR_BOOTH_LOCATION_11,https://www.worldaic.com.cn/exhibitors,2026-07-18
138,参展企业,6b8a629f1fac4ee09fa189c0bf12b666,上海幻码跃迁量子科技有限公司,"Shanghai Huanma QudeLeap Quantum Technology Co., Ltd.",展商,FT初创项目,核心技术,H4-FT D013,世博展览馆,世博展览馆H4,VO_EXHIBITION_HALL_1,VO_EXHIBITOR_BOOTH_LOCATION_11,https://www.worldaic.com.cn/exhibitors,2026-07-18
139,参展企业,a2c0c79cce9249538c51d306f8dcd148,上海日行迹智能科技有限公司,"Shanghai Analemma Intelligence Co., Ltd.",展商,FT初创项目,核心技术,H4-FT B301,世博展览馆,世博展览馆H4,VO_EXHIBITION_HALL_1,VO_EXHIBITOR_BOOTH_LOCATION_11,https://www.worldaic.com.cn/exhibitors,2026-07-18
140,参展企业,9c7ff9eae6d848c18870b7451112e02c,上海星熠无限智能科技有限公司,"Shanghai Surspark Intelligence Technology Co., Ltd",展商,FT初创项目,核心技术,H4-FT C029,世博展览馆,世博展览馆H4,VO_EXHIBITION_HALL_1,VO_EXHIBITOR_BOOTH_LOCATION_11,https://www.worldaic.com.cn/exhibitors,2026-07-18
141,参展企业,1f65caa112844465b0c64d5a80246bf2,上海晶睿者科技有限公司,"JMuse Technologies Co., Ltd",展商,FT初创项目,核心技术,H4-FT C035,世博展览馆,世博展览馆H4,VO_EXHIBITION_HALL_1,VO_EXHIBITOR_BOOTH_LOCATION_11,https://www.worldaic.com.cn/exhibitors,2026-07-18
142,参展企业,53400a02c7cc40139a4038e09e9fc8a8,上海智启心源人工智能科技有限公司,PowerFormer.Inc,展商,FT初创项目,核心技术,H4-FT C045,世博展览馆,世博展览馆H4,VO_EXHIBITION_HALL_1,VO_EXHIBITOR_BOOTH_LOCATION_11,https://www.worldaic.com.cn/exhibitors,2026-07-18
143,参展企业,b937f367a9284e01a0ba4b1a6a239c74,上海智学星途人工智能科技有限公司,"Shanghai Zhixue Xingtu Artificial Intelligence Technology Co., Ltd.",展商,FT初创项目,人才与教育,H4-FT C074,世博展览馆,世博展览馆H4,VO_EXHIBITION_HALL_1,VO_EXHIBITOR_BOOTH_LOCATION_11,https://www.worldaic.com.cn/exhibitors,2026-07-18
144,参展企业,4a0053037b684f238c5c24bfcf640c89,上海法忞銮智能科技有限公司,Shanghai JurisAI Limited,展商,FT初创项目,核心技术,H4-FT C013,世博展览馆,世博展览馆H4,VO_EXHIBITION_HALL_1,VO_EXHIBITOR_BOOTH_LOCATION_11,https://www.worldaic.com.cn/exhibitors,2026-07-18
145,参展企业,1ab4891ae0f849f89b8399a2ef96a73c,上海流形工坊科技有限公司,ManiFactory,展商,FT初创项目,工业互联与智能制造,H4-FT B305,世博展览馆,世博展览馆H4,VO_EXHIBITION_HALL_1,VO_EXHIBITOR_BOOTH_LOCATION_11,https://www.worldaic.com.cn/exhibitors,2026-07-18
146,参展企业,345fdad08e844924b76c83265abc79b9,上海灵瑙科技有限公司,"Shanghai Lingnao Technology Co., Ltd.",展商,FT初创项目,智能终端,H4-FT D019,世博展览馆,世博展览馆H4,VO_EXHIBITION_HALL_1,VO_EXHIBITOR_BOOTH_LOCATION_11,https://www.worldaic.com.cn/exhibitors,2026-07-18
147,参展企业,09826eeca6714cd89f339aeb602e1f97,上海熵海领航科技有限公司,"Shanghai Astrakairos Technology Co., Ltd. ",展商,FT初创项目,核心技术,H4-FT C027,世博展览馆,世博展览馆H4,VO_EXHIBITION_HALL_1,VO_EXHIBITOR_BOOTH_LOCATION_11,https://www.worldaic.com.cn/exhibitors,2026-07-18
148,参展企业,c20c2633d4e2454aae04d3a07fd2988f,上海燧月智能科技有限公司,"Shanghai Suiyue Intelligent Technology Co., Ltd.",展商,FT初创项目,核心技术,H4-FT A011,世博展览馆,世博展览馆H4,VO_EXHIBITION_HALL_1,VO_EXHIBITOR_BOOTH_LOCATION_11,https://www.worldaic.com.cn/exhibitors,2026-07-18
149,参展企业,40b2aab793224f3eb6727dbc9133f68b,上海盛熙法索人工智能科技有限公司,"Shanghai Shengxi Fasuo Artificial Intelligence Technology Co., Ltd.",展商,FT初创项目,其他,H4-FT C010,世博展览馆,世博展览馆H4,VO_EXHIBITION_HALL_1,VO_EXHIBITOR_BOOTH_LOCATION_11,https://www.worldaic.com.cn/exhibitors,2026-07-18
150,参展企业,fc3986b661a547128d26a9819fceee27,上海知一无限科技有限公司,Phronesis AI,展商,FT初创项目,其他,H4-FT A013,世博展览馆,世博展览馆H4,VO_EXHIBITION_HALL_1,VO_EXHIBITOR_BOOTH_LOCATION_11,https://www.worldaic.com.cn/exhibitors,2026-07-18
151,参展企业,380d98cdb05844e393b442719ebe75e9,上海科机普智科技有限公司,"Shanghai Scinetics Technology Co., Ltd.",展商,FT初创项目,智慧医疗,H4-FT D006,世博展览馆,世博展览馆H4,VO_EXHIBITION_HALL_1,VO_EXHIBITOR_BOOTH_LOCATION_11,https://www.worldaic.com.cn/exhibitors,2026-07-18
152,参展企业,c41a6e3d359149c8a4eb5360377fc774,上海章节零一信息科技有限公司,"Shanghai Chapter 01 Information Technology Co., Ltd.",展商,FT初创项目,"核心技术,金融科技",H4-FT C065,世博展览馆,世博展览馆H4,VO_EXHIBITION_HALL_1,VO_EXHIBITOR_BOOTH_LOCATION_11,https://www.worldaic.com.cn/exhibitors,2026-07-18
153,参展企业,a112417886e641708886c73da9bd5135,上海绒音科技有限公司,"Shanghai Rongyin Technology Co., Ltd.",展商,FT初创项目,具身智能,H4-FT B010,世博展览馆,世博展览馆H4,VO_EXHIBITION_HALL_1,VO_EXHIBITOR_BOOTH_LOCATION_11,https://www.worldaic.com.cn/exhibitors,2026-07-18
154,参展企业,0eeb78c600fb4b2ca55224ddc7110474,上海美丽猪猪科技有限公司,"Shanghai Beautiful Pig Technology Co., Ltd.",展商,FT初创项目,核心技术,H4-FT B014,世博展览馆,世博展览馆H4,VO_EXHIBITION_HALL_1,VO_EXHIBITOR_BOOTH_LOCATION_11,https://www.worldaic.com.cn/exhibitors,2026-07-18
155,参展企业,00d3d3038316468c9a6a65592045e423,上海翼马平川智能科技有限公司,"Shanghai Pegasus AI Co., Ltd.",展商,FT初创项目,核心技术,H4-FT D016,世博展览馆,世博展览馆H4,VO_EXHIBITION_HALL_1,VO_EXHIBITOR_BOOTH_LOCATION_11,https://www.worldaic.com.cn/exhibitors,2026-07-18
156,参展企业,f3b32b8ca56a4cb78360e666cbcdcc3b,上海萝博派对科技有限公司," Shanghai RoboParty Technology Co., Ltd",展商,FT初创项目,具身智能,H4-FT B101,世博展览馆,世博展览馆H4,VO_EXHIBITION_HALL_1,VO_EXHIBITOR_BOOTH_LOCATION_11,https://www.worldaic.com.cn/exhibitors,2026-07-18
157,参展企业,b71feb81c213402a9d8b97511a35d0a4,上海衡弧科技有限公司,"Shanghai ArcScale AI Technology Co., Ltd.",展商,FT初创项目,智慧医疗,H4,世博展览馆,世博展览馆H4,VO_EXHIBITION_HALL_1,VO_EXHIBITOR_BOOTH_LOCATION_11,https://www.worldaic.com.cn/exhibitors,2026-07-18
158,参展企业,dc72ac61399c4d01a945214e8bae1976,上海观点跃迁人工智能技术有限公司,VIEWPOINT AI,展商,FT初创项目,核心技术,H4-FT B205,世博展览馆,世博展览馆H4,VO_EXHIBITION_HALL_1,VO_EXHIBITOR_BOOTH_LOCATION_11,https://www.worldaic.com.cn/exhibitors,2026-07-18
159,参展企业,6b7278dd4b6940fbbf01186ebed89041,上海觅深科技有限公司,Mizzen Technologies Limited,展商,FT初创项目,核心技术,H4-FT C066,世博展览馆,世博展览馆H4,VO_EXHIBITION_HALL_1,VO_EXHIBITOR_BOOTH_LOCATION_11,https://www.worldaic.com.cn/exhibitors,2026-07-18
160,参展企业,5ac7202a05f34be2a53041c8ade0555b,上海起跃界问智能科技有限公司,"Shanghai Qiyue Jiewen Intelligent Technology Co., Ltd.",展商,FT初创项目,核心技术,H4-FT C015,世博展览馆,世博展览馆H4,VO_EXHIBITION_HALL_1,VO_EXHIBITOR_BOOTH_LOCATION_11,https://www.worldaic.com.cn/exhibitors,2026-07-18
161,参展企业,220e5915c73a418e89e1d818a2f1666d,上海超有氛围科技有限公司,"Shanghai Super Vibe Technology Co., Ltd",展商,FT初创项目,智能终端,H4-FT B308,世博展览馆,世博展览馆H4,VO_EXHIBITION_HALL_1,VO_EXHIBITOR_BOOTH_LOCATION_11,https://www.worldaic.com.cn/exhibitors,2026-07-18
162,参展企业,cb99d579aa1d4ce39bf01c67ed27909d,上海追知工程科技有限公司,"WOLIF Engineering & Technology Co, Ltd",展商,FT初创项目,具身智能,H4-FT C028,世博展览馆,世博展览馆H4,VO_EXHIBITION_HALL_1,VO_EXHIBITOR_BOOTH_LOCATION_11,https://www.worldaic.com.cn/exhibitors,2026-07-18
163,参展企业,00513198e3c542f186eeb852116beacb,上海造物纪元机器人有限公司,"Shanghai CreatEra Robotics Co., Ltd.",展商,FT初创项目,具身智能,H4-FT B309,世博展览馆,世博展览馆H4,VO_EXHIBITION_HALL_1,VO_EXHIBITOR_BOOTH_LOCATION_11,https://www.worldaic.com.cn/exhibitors,2026-07-18
164,参展企业,2a9d876caed14c21a696c493a0282e7e,元生万物（上海）人工智能科技有限公司,Trooly.AI,展商,FT初创项目,核心技术,H4-FT C063,世博展览馆,世博展览馆H4,VO_EXHIBITION_HALL_1,VO_EXHIBITOR_BOOTH_LOCATION_11,https://www.worldaic.com.cn/exhibitors,2026-07-18
165,参展企业,4172441517104c8ca5271ad3d9287a6c,光子芯力（北京）科技有限公司,PhotonCore,展商,FT初创项目,核心技术,H4-FT A002,世博展览馆,世博展览馆H4,VO_EXHIBITION_HALL_1,VO_EXHIBITOR_BOOTH_LOCATION_11,https://www.worldaic.com.cn/exhibitors,2026-07-18
166,参展企业,2be0ccf19bf84e108eac8ab2f714c50e,光象（北京）科技有限公司,"SunRising AI Co., Ltd",展商,FT初创项目,具身智能,H4-FT B302,世博展览馆,世博展览馆H4,VO_EXHIBITION_HALL_1,VO_EXHIBITOR_BOOTH_LOCATION_11,https://www.worldaic.com.cn/exhibitors,2026-07-18
167,参展企业,909f6bdef92746d4af28545d6f4d880b,凌波智芯（常州）科技有限公司,"Lingbo Zhixin (Changzhou) Technology Co., Ltd.",展商,FT初创项目,核心技术,H4-FT A006,世博展览馆,世博展览馆H4,VO_EXHIBITION_HALL_1,VO_EXHIBITOR_BOOTH_LOCATION_11,https://www.worldaic.com.cn/exhibitors,2026-07-18
168,参展企业,24b99c1b3e8545efa082139e2883bca8,创材深造（天津）科技有限公司,"Deep Material (Tianjin) Technology Co., Ltd.",展商,FT初创项目,核心技术,H4-FT D018,世博展览馆,世博展览馆H4,VO_EXHIBITION_HALL_1,VO_EXHIBITOR_BOOTH_LOCATION_11,https://www.worldaic.com.cn/exhibitors,2026-07-18
169,参展企业,6b90d83b8b4547fba0de2905c1365883,北京乙态科技发展有限公司,"Beijing Second State Technology Development Co.,Ltd",展商,FT初创项目,核心技术,H4-FT B004,世博展览馆,世博展览馆H4,VO_EXHIBITION_HALL_1,VO_EXHIBITOR_BOOTH_LOCATION_11,https://www.worldaic.com.cn/exhibitors,2026-07-18
170,参展企业,48512a7a88964577b654b095c2dc5158,北京共绩科技有限公司,COMNERGY TECH LIMITED,展商,FT初创项目,核心技术,H4-FT A007,世博展览馆,世博展览馆H4,VO_EXHIBITION_HALL_1,VO_EXHIBITOR_BOOTH_LOCATION_11,https://www.worldaic.com.cn/exhibitors,2026-07-18
171,参展企业,d6ec0e010f0341108be5a11afb2974ef,北京医者信息科技有限责任公司,"Beijing Yizhe Information Technology Co., Ltd",展商,FT初创项目,智慧医疗,H4-FT C025,世博展览馆,世博展览馆H4,VO_EXHIBITION_HALL_1,VO_EXHIBITOR_BOOTH_LOCATION_11,https://www.worldaic.com.cn/exhibitors,2026-07-18
172,参展企业,332e7c9e11ae4e158ef003274f1c7dbf,北京大学学生创新学社,Peking University Innovation Club,展商,FT初创项目,人才与教育,H4-FT C076,世博展览馆,世博展览馆H4,VO_EXHIBITION_HALL_1,VO_EXHIBITOR_BOOTH_LOCATION_11,https://www.worldaic.com.cn/exhibitors,2026-07-18
173,参展企业,f14d4fa269d44d33b23ac7b31f1e3495,北京岱序科技有限公司,Daixu Tech,展商,FT初创项目,具身智能,H4-FT B108,世博展览馆,世博展览馆H4,VO_EXHIBITION_HALL_1,VO_EXHIBITOR_BOOTH_LOCATION_11,https://www.worldaic.com.cn/exhibitors,2026-07-18
174,参展企业,1b6a7b76876846c4b574da1b8365c42e,北京形界智维科技有限公司,FrameX-AI,展商,FT初创项目,核心技术,H4-FT C030,世博展览馆,世博展览馆H4,VO_EXHIBITION_HALL_1,VO_EXHIBITOR_BOOTH_LOCATION_11,https://www.worldaic.com.cn/exhibitors,2026-07-18
175,参展企业,4691ca007c664143bc88637aa00a2fc6,北京微面科技有限公司,"Beijing Wei Mian Technology Co., Ltd.",展商,FT初创项目,核心技术,H4-FT C017,世博展览馆,世博展览馆H4,VO_EXHIBITION_HALL_1,VO_EXHIBITOR_BOOTH_LOCATION_11,https://www.worldaic.com.cn/exhibitors,2026-07-18
176,参展企业,157df221d24c40869d50eed90487c342,北京数据项素智能科技有限公司,Dataelem,展商,FT初创项目,核心技术,H4-FT A021,世博展览馆,世博展览馆H4,VO_EXHIBITION_HALL_1,VO_EXHIBITOR_BOOTH_LOCATION_11,https://www.worldaic.com.cn/exhibitors,2026-07-18
177,参展企业,5562e8292a014eb2ba46fd10129ef9c8,北京新核创新科技有限公司,SlashVibe,展商,FT初创项目,智能终端,H4-FT B310,世博展览馆,世博展览馆H4,VO_EXHIBITION_HALL_1,VO_EXHIBITOR_BOOTH_LOCATION_11,https://www.worldaic.com.cn/exhibitors,2026-07-18
178,参展企业,095003a2ccc54631ae84e292cccde6bd,北京清蓝智汇科技有限公司,"Beijing PureblueAI Technology Co., Ltd",展商,FT初创项目,核心技术,H4-FT C034,世博展览馆,世博展览馆H4,VO_EXHIBITION_HALL_1,VO_EXHIBITOR_BOOTH_LOCATION_11,https://www.worldaic.com.cn/exhibitors,2026-07-18
179,参展企业,640c3f6658fe4dcc94ea2a3a853628d0,北京渊澈太初智能科技有限公司,OriginFlow,展商,FT初创项目,具身智能,H4-FT B110,世博展览馆,世博展览馆H4,VO_EXHIBITION_HALL_1,VO_EXHIBITOR_BOOTH_LOCATION_11,https://www.worldaic.com.cn/exhibitors,2026-07-18
180,参展企业,680e3b6306144c3eac762dfa05f6a89f,北京煜晟智元科技有限公司,"Beijing Yusheng Zhiyuan Technology Co., Ltd",展商,FT初创项目,智慧医疗,H4-FT C001,世博展览馆,世博展览馆H4,VO_EXHIBITION_HALL_1,VO_EXHIBITOR_BOOTH_LOCATION_11,https://www.worldaic.com.cn/exhibitors,2026-07-18
181,参展企业,1c3eb071ece04c90880e926e5a9849a9,北京睿法智行科技有限公司,"Beijing LegalGo Intelligence Technology Co., Ltd.",展商,FT初创项目,核心技术,H4-FT C011,世博展览馆,世博展览馆H4,VO_EXHIBITION_HALL_1,VO_EXHIBITOR_BOOTH_LOCATION_11,https://www.worldaic.com.cn/exhibitors,2026-07-18
182,参展企业,3a2d415837694377bf99e46de1023162,北京量坤科技有限公司,"Beijing FieldQuantum Technology Co., Ltd.","展商,论坛主办方",FT初创项目,核心技术,H4-FT D010,世博展览馆,世博展览馆H4,VO_EXHIBITION_HALL_1,VO_EXHIBITOR_BOOTH_LOCATION_11,https://www.worldaic.com.cn/exhibitors,2026-07-18
183,参展企业,7c2c15652c674825ad4d65cda27f86e6,北京飞驰星辰科技有限公司,"Beijing Feichixingchen Technology Co., Ltd",展商,FT初创项目,核心技术,H4-FT C072,世博展览馆,世博展览馆H4,VO_EXHIBITION_HALL_1,VO_EXHIBITOR_BOOTH_LOCATION_11,https://www.worldaic.com.cn/exhibitors,2026-07-18
184,参展企业,ba01e9213930456d9ad3adfdfa153f5e,北大学生人工智能创新会,Peking University Student AI Innovation Center,展商,FT初创项目,政府/机构,H4-FT B404,世博展览馆,世博展览馆H4,VO_EXHIBITION_HALL_1,VO_EXHIBITOR_BOOTH_LOCATION_11,https://www.worldaic.com.cn/exhibitors,2026-07-18
185,参展企业,934467b79eba4859817b8b429304122b,南通云核动力科技有限公司,Winkcore,展商,FT初创项目,核心技术,H4-FT C054,世博展览馆,世博展览馆H4,VO_EXHIBITION_HALL_1,VO_EXHIBITOR_BOOTH_LOCATION_11,https://www.worldaic.com.cn/exhibitors,2026-07-18
186,参展企业,879b4782d6824869be15b8c541909c08,南通食通数据科技有限公司,"Nantong Shitong Data Technology Co., Ltd.",展商,FT初创项目,核心技术,H4-FT C019,世博展览馆,世博展览馆H4,VO_EXHIBITION_HALL_1,VO_EXHIBITOR_BOOTH_LOCATION_11,https://www.worldaic.com.cn/exhibitors,2026-07-18
187,参展企业,ca579a2896394605ad1954fd58d75a3c,友学伴（北京）教育科技有限公司,"UniGrow(Beijing) Education Technology Co., Ltd",展商,FT初创项目,人才与教育,H4-FT C075,世博展览馆,世博展览馆H4,VO_EXHIBITION_HALL_1,VO_EXHIBITOR_BOOTH_LOCATION_11,https://www.worldaic.com.cn/exhibitors,2026-07-18
188,参展企业,bcc0df365a0640aa94049589d18381af,叽里咕咕创意（杭州）科技有限公司,"Jiligugu Creative (Hangzhou) Technology Co., Ltd.",展商,FT初创项目,核心技术,H4-FT B008,世博展览馆,世博展览馆H4,VO_EXHIBITION_HALL_1,VO_EXHIBITOR_BOOTH_LOCATION_11,https://www.worldaic.com.cn/exhibitors,2026-07-18
189,参展企业,ad63291849ba4001b9b1c91fda63f83a,启界互动(北京)科技有限公司,"OpenWorld(Beijing) Technology Co., Ltd.",展商,FT初创项目,智能终端,H4-FT B210,世博展览馆,世博展览馆H4,VO_EXHIBITION_HALL_1,VO_EXHIBITOR_BOOTH_LOCATION_11,https://www.worldaic.com.cn/exhibitors,2026-07-18
190,参展企业,c97d89696c8641b3a5f76af775413f82,埃法智造（杭州）人工智能科技有限公司,"Ai Fabrication (Hangzhou) Artificial Intelligence Technology Co., Ltd",展商,FT初创项目,核心技术,H4-FT C050,世博展览馆,世博展览馆H4,VO_EXHIBITION_HALL_1,VO_EXHIBITOR_BOOTH_LOCATION_11,https://www.worldaic.com.cn/exhibitors,2026-07-18
191,参展企业,0679c54f71c344eaaae10cf9f9fe5eed,好耶科技（北京）有限公司,"Haoye Technology (Beijing) Co., Ltd.",展商,FT初创项目,核心技术,H4-FT C058,世博展览馆,世博展览馆H4,VO_EXHIBITION_HALL_1,VO_EXHIBITOR_BOOTH_LOCATION_11,https://www.worldaic.com.cn/exhibitors,2026-07-18
192,参展企业,3731f1101f844758b555d8fc55416536,安徽交泰智能技术有限公司,"Anhui Linkedti Technology Co., Ltd.",展商,FT初创项目,工业互联与智能制造,H4-FT B304,世博展览馆,世博展览馆H4,VO_EXHIBITION_HALL_1,VO_EXHIBITOR_BOOTH_LOCATION_11,https://www.worldaic.com.cn/exhibitors,2026-07-18
193,参展企业,6d6c875608f8440d9edbec5cc7c96072,安徽可视科学技术有限公司,"Anhui Sci-visual Technology Co., Ltd",展商,FT初创项目,"文娱艺术与元宇宙,人才与教育",H4-FT D011,世博展览馆,世博展览馆H4,VO_EXHIBITION_HALL_1,VO_EXHIBITOR_BOOTH_LOCATION_11,https://www.worldaic.com.cn/exhibitors,2026-07-18
194,参展企业,bd83026b9ebc40a89bf0813f5aa72358,布兰矩阵智能科技（上海）有限公司 ,"BraneMatrix Artificial Intelligence Technology (Shanghai) Co., Ltd.",展商,FT初创项目,核心技术,H4-FT A014,世博展览馆,世博展览馆H4,VO_EXHIBITION_HALL_1,VO_EXHIBITOR_BOOTH_LOCATION_11,https://www.worldaic.com.cn/exhibitors,2026-07-18
195,参展企业,23b5bd8760014a34a6e3097dd44bbba2,希格生科（深圳）有限公司,"Signet Therapeutics (Shenzhen) Co., Ltd.",展商,FT初创项目,核心技术,H4H4-FT D005,世博展览馆,世博展览馆H4,VO_EXHIBITION_HALL_1,VO_EXHIBITOR_BOOTH_LOCATION_11,https://www.worldaic.com.cn/exhibitors,2026-07-18
196,参展企业,f8464e70995846e6b5c42f57edfad374,成都三生万物科技有限公司,"Chengdu Sansheng Wanwu Technology Co., Ltd.",展商,FT初创项目,核心技术,H4-FT C036,世博展览馆,世博展览馆H4,VO_EXHIBITION_HALL_1,VO_EXHIBITOR_BOOTH_LOCATION_11,https://www.worldaic.com.cn/exhibitors,2026-07-18
197,参展企业,ac30992375c64092984bb87e2d51d813,或宇连接（深圳）科技有限责任公司,"ORULINK (Shenzhen) Technology Co., Ltd.",展商,FT初创项目,智能终端,H4-FT B009,世博展览馆,世博展览馆H4,VO_EXHIBITION_HALL_1,VO_EXHIBITOR_BOOTH_LOCATION_11,https://www.worldaic.com.cn/exhibitors,2026-07-18
198,参展企业,2bf1dd2c94fd417ebca1071c1c305d46,拽米科技(上海)有限公司,"Zhuaimi Technology (Shanghai) Co., Ltd",展商,FT初创项目,文娱艺术与元宇宙,H4-FT C055,世博展览馆,世博展览馆H4,VO_EXHIBITION_HALL_1,VO_EXHIBITOR_BOOTH_LOCATION_11,https://www.worldaic.com.cn/exhibitors,2026-07-18
199,参展企业,591485724f3349de9fc957462e84d0e3,探微本源（上海）科技有限责任公司,CytoLex,展商,FT初创项目,核心技术,H4-FT D007,世博展览馆,世博展览馆H4,VO_EXHIBITION_HALL_1,VO_EXHIBITOR_BOOTH_LOCATION_11,https://www.worldaic.com.cn/exhibitors,2026-07-18
200,参展企业,2a5def709fe64ab79208cf21fe1d06c7,无锡音律闪动人工智能科技有限公司,"Wuxi Yinlvshandong Artificial Intelligence Technology Co., Ltd.",展商,FT初创项目,文娱艺术与元宇宙,H4-FT C051,世博展览馆,世博展览馆H4,VO_EXHIBITION_HALL_1,VO_EXHIBITOR_BOOTH_LOCATION_11,https://www.worldaic.com.cn/exhibitors,2026-07-18
201,参展企业,c0c766b8923c4c3caf525ecbd7784b83,明视脑机科技（苏州）有限公司,Mindtrix,展商,FT初创项目,核心技术,H4-FT D020,世博展览馆,世博展览馆H4,VO_EXHIBITION_HALL_1,VO_EXHIBITOR_BOOTH_LOCATION_11,https://www.worldaic.com.cn/exhibitors,2026-07-18
202,参展企业,a751b40417fa4503a95a617a0f108db3,暗壳科技（深圳）有限公司,"Ark.art Tech (Shenzhen) Co., Ltd.",展商,FT初创项目,核心技术,H4-FT C049,世博展览馆,世博展览馆H4,VO_EXHIBITION_HALL_1,VO_EXHIBITOR_BOOTH_LOCATION_11,https://www.worldaic.com.cn/exhibitors,2026-07-18
203,参展企业,575842018ab64f19b61a175ce10a4248,最终序列（上海）科技有限公司,"Ultimate Sequence (Shanghai) Technology Co., Ltd.",展商,FT初创项目,具身智能,H4-FT B105,世博展览馆,世博展览馆H4,VO_EXHIBITION_HALL_1,VO_EXHIBITOR_BOOTH_LOCATION_11,https://www.worldaic.com.cn/exhibitors,2026-07-18
204,参展企业,046b8002a9f84c2aa57827d8a5d66532,机器之心（上海）科技有限公司,JIQIZHIXIN TECHNOLOGY CO.LTD.,"展商,论坛主办方",FT初创项目,其他,H4-FT C044,世博展览馆,世博展览馆H4,VO_EXHIBITION_HALL_1,VO_EXHIBITOR_BOOTH_LOCATION_11,https://www.worldaic.com.cn/exhibitors,2026-07-18
205,参展企业,ac8f7b179f794ab9b187f0a978de7bd1,杭州似一科技有限公司,"Hangzhou Siyi Technology Co., Ltd.",展商,FT初创项目,其他,H4-FTD003,世博展览馆,世博展览馆H4,VO_EXHIBITION_HALL_1,VO_EXHIBITOR_BOOTH_LOCATION_11,https://www.worldaic.com.cn/exhibitors,2026-07-18
206,参展企业,b8bef8bd920a45af874fd3576cd1b1fa,杭州微链词元科技有限公司,"Hangzhou Microchain Token Technology Co., Ltd.",展商,FT初创项目,核心技术,H4-FT C041,世博展览馆,世博展览馆H4,VO_EXHIBITION_HALL_1,VO_EXHIBITOR_BOOTH_LOCATION_11,https://www.worldaic.com.cn/exhibitors,2026-07-18
207,参展企业,a502a6cf01254081987754f7d03eebc3,杭州时之轨迹信息技术有限责任公司,Software Object Pte. Ltd.,展商,FT初创项目,智能终端,H4-FT B207,世博展览馆,世博展览馆H4,VO_EXHIBITION_HALL_1,VO_EXHIBITOR_BOOTH_LOCATION_11,https://www.worldaic.com.cn/exhibitors,2026-07-18
208,参展企业,51160b41b933404b9b96ed0e6505e1ac,杭州易启未来智能科技有限公司,"Hangzhou EaseFuture Intelligent Technology Co., Ltd.",展商,FT初创项目,具身智能,H4-FT C018,世博展览馆,世博展览馆H4,VO_EXHIBITION_HALL_1,VO_EXHIBITOR_BOOTH_LOCATION_11,https://www.worldaic.com.cn/exhibitors,2026-07-18
209,参展企业,87cc46a3ce9d448cb9931a5c35f912ca,杭州盖视科技有限公司,"Hangzhou Gaishi Technology Co., Ltd.",展商,FT初创项目,核心技术,H4-FT C056,世博展览馆,世博展览馆H4,VO_EXHIBITION_HALL_1,VO_EXHIBITOR_BOOTH_LOCATION_11,https://www.worldaic.com.cn/exhibitors,2026-07-18
210,参展企业,f7a4cd6c23c14ebd93b93f4c7dfe9ef8,柏锐智芯科技（成都）有限公司,Brainsight Intelligence Co. Ltd.,展商,FT初创项目,具身智能,H4-FT B202,世博展览馆,世博展览馆H4,VO_EXHIBITION_HALL_1,VO_EXHIBITOR_BOOTH_LOCATION_11,https://www.worldaic.com.cn/exhibitors,2026-07-18
211,参展企业,42dd295fb2af4994906e2054489561c2,模驭人工智能科技（上海）有限公司,Moximize.ai,展商,FT初创项目,核心技术,H4-FT C039,世博展览馆,世博展览馆H4,VO_EXHIBITION_HALL_1,VO_EXHIBITOR_BOOTH_LOCATION_11,https://www.worldaic.com.cn/exhibitors,2026-07-18
212,参展企业,c21fecf873dc45beb25e918f4c830b01,武汉灵境引擎科技有限公司,"Wuhan Lingine Technology Co., Ltd.",展商,FT初创项目,核心技术,H4-FT C048,世博展览馆,世博展览馆H4,VO_EXHIBITION_HALL_1,VO_EXHIBITOR_BOOTH_LOCATION_11,https://www.worldaic.com.cn/exhibitors,2026-07-18
213,参展企业,9be054371683427fb4ed9a91a68ec85f,派晨（上海）智能科技有限公司,"IPVISE (Shanghai) Intelligent Technology Co., Ltd.",展商,FT初创项目,"核心技术,文娱艺术与元宇宙",H4-FT C061,世博展览馆,世博展览馆H4,VO_EXHIBITION_HALL_1,VO_EXHIBITOR_BOOTH_LOCATION_11,https://www.worldaic.com.cn/exhibitors,2026-07-18
214,参展企业,28ba41e7d67e429a90d963aa9d7c25fe,浙江无问智行科技有限公司,"Zhejiang Wuwen Zhixing Technology Co., Ltd.",展商,FT初创项目,具身智能,H4-FT B107,世博展览馆,世博展览馆H4,VO_EXHIBITION_HALL_1,VO_EXHIBITOR_BOOTH_LOCATION_11,https://www.worldaic.com.cn/exhibitors,2026-07-18
215,参展企业,e72100c9770a41cfa0bb3b8c22891572,浙江湃启科技有限公司,"Zhejiang Paiqi Technology Co., Ltd.",展商,FT初创项目,"具身智能,智能终端",H4-FT B003,世博展览馆,世博展览馆H4,VO_EXHIBITION_HALL_1,VO_EXHIBITOR_BOOTH_LOCATION_11,https://www.worldaic.com.cn/exhibitors,2026-07-18
216,参展企业,ca5edb38eaeb4f7a9e6d3592af3dc9ef,海南德工智能科技有限公司,"Hainan DAIL Intelligence Technology Co., Ltd.",展商,FT初创项目,智慧医疗,H4-FT A017,世博展览馆,世博展览馆H4,VO_EXHIBITION_HALL_1,VO_EXHIBITOR_BOOTH_LOCATION_11,https://www.worldaic.com.cn/exhibitors,2026-07-18
217,参展企业,a5b76480b3654e68b4933607cf9ffae5,深圳伊塔动力科技有限公司,"Shenzhen Yita Dynamics Technology Co., Ltd",展商,FT初创项目,具身智能,H4-FT B102,世博展览馆,世博展览馆H4,VO_EXHIBITION_HALL_1,VO_EXHIBITOR_BOOTH_LOCATION_11,https://www.worldaic.com.cn/exhibitors,2026-07-18
218,参展企业,485bb739a55c48cab563dc4915d7334f,深圳奇点变量科技有限公司,"ShenZhen Singularity Variable Technology Co.,Ltd",展商,FT初创项目,核心技术,H4-FT B104,世博展览馆,世博展览馆H4,VO_EXHIBITION_HALL_1,VO_EXHIBITOR_BOOTH_LOCATION_11,https://www.worldaic.com.cn/exhibitors,2026-07-18
219,参展企业,f45bb19ab10d4b2e916da39856d15e01,深圳市光速进化智能科技有限公司,"Shenzhen LIKO Technology Co., Ltd.",展商,FT初创项目,智能终端,H4-FT B103,世博展览馆,世博展览馆H4,VO_EXHIBITION_HALL_1,VO_EXHIBITOR_BOOTH_LOCATION_11,https://www.worldaic.com.cn/exhibitors,2026-07-18
220,参展企业,4adfd593f0e5448fb5fbdaeba02a471d,深圳市加思特智能科技有限公司,"Shenzhen Just Intelligent Technology Co., Ltd.",展商,FT初创项目,其他,H4-FT C026,世博展览馆,世博展览馆H4,VO_EXHIBITION_HALL_1,VO_EXHIBITOR_BOOTH_LOCATION_11,https://www.worldaic.com.cn/exhibitors,2026-07-18
221,参展企业,332c02ba24d846b285949fbeb6e8d3c9,深圳市安菲翁科技有限公司,"Shenzhen Amphion Technology Co., Ltd",展商,FT初创项目,智能终端,H4-FT B002,世博展览馆,世博展览馆H4,VO_EXHIBITION_HALL_1,VO_EXHIBITOR_BOOTH_LOCATION_11,https://www.worldaic.com.cn/exhibitors,2026-07-18
222,参展企业,6f2824bbce504b19b9f7964aa880a983,深圳市拾音教育咨询有限公司,Shenzhen Shiyin Education Consultant Co. Ltd,展商,FT初创项目,核心技术,H4-FT C073,世博展览馆,世博展览馆H4,VO_EXHIBITION_HALL_1,VO_EXHIBITOR_BOOTH_LOCATION_11,https://www.worldaic.com.cn/exhibitors,2026-07-18
223,参展企业,bdef61282e52425ea6e6f65996f4636d,深圳市晌午不眠科技有限公司,"NOONWAKE TECHNOLOGY , LIMITED",展商,FT初创项目,核心技术,H4-FT C043,世博展览馆,世博展览馆H4,VO_EXHIBITION_HALL_1,VO_EXHIBITOR_BOOTH_LOCATION_11,https://www.worldaic.com.cn/exhibitors,2026-07-18
224,参展企业,ed1d5f31d5ed497bb15a13050acbc3ec,深圳市深涌智能有限公司,"Shenzhen Shenyong Intelligence Co., Ltd.",展商,FT初创项目,核心技术,H4-FT C033,世博展览馆,世博展览馆H4,VO_EXHIBITION_HALL_1,VO_EXHIBITOR_BOOTH_LOCATION_11,https://www.worldaic.com.cn/exhibitors,2026-07-18
225,参展企业,95361a91203c4ba5a97911c9cd4934a8,深圳心洲科技有限公司,Mindverse Limited,展商,FT初创项目,核心技术,H4-FT A018,世博展览馆,世博展览馆H4,VO_EXHIBITION_HALL_1,VO_EXHIBITOR_BOOTH_LOCATION_11,https://www.worldaic.com.cn/exhibitors,2026-07-18
226,参展企业,64a6373904b54dd1a853fdb3f7c49179,深圳瞳启智联科技有限公司,"Shenzhen Tongqi Zhilian Technology Co., LTD",展商,FT初创项目,智慧医疗,H4-FT C002,世博展览馆,世博展览馆H4,VO_EXHIBITION_HALL_1,VO_EXHIBITOR_BOOTH_LOCATION_11,https://www.worldaic.com.cn/exhibitors,2026-07-18
227,参展企业,b6b38d081279498bbad4e46f6c3b77df,深圳诺境声界科技有限公司,NOIZ.AI,展商,FT初创项目,核心技术,H4-FT C057,世博展览馆,世博展览馆H4,VO_EXHIBITION_HALL_1,VO_EXHIBITOR_BOOTH_LOCATION_11,https://www.worldaic.com.cn/exhibitors,2026-07-18
228,参展企业,57e569676b4c4cbfb59658d3dd19cff6,深度动力（北京）科技有限公司,"DeepEngine (Beijing) Technology Co., Ltd.",展商,FT初创项目,核心技术,H4-FT D014,世博展览馆,世博展览馆H4,VO_EXHIBITION_HALL_1,VO_EXHIBITOR_BOOTH_LOCATION_11,https://www.worldaic.com.cn/exhibitors,2026-07-18
229,参展企业,3b045be291f84f5eb2ed5678f3c85009,深量恒（上海）智能科技有限公司,"Deep Expandable and Sustainable Intelligence Technology Co., Ltd",展商,FT初创项目,核心技术,H4-FT D017,世博展览馆,世博展览馆H4,VO_EXHIBITION_HALL_1,VO_EXHIBITOR_BOOTH_LOCATION_11,https://www.worldaic.com.cn/exhibitors,2026-07-18
230,参展企业,3e841615d53a4b6ca0001b0d22910b41,清华大学iCenter,Tsinghua University iCenter,展商,FT初创项目,人才与教育,H4-FT C071,世博展览馆,世博展览馆H4,VO_EXHIBITION_HALL_1,VO_EXHIBITOR_BOOTH_LOCATION_11,https://www.worldaic.com.cn/exhibitors,2026-07-18
231,参展企业,37f06602c83545a9834c987641a3202b,清华大学创客空间协会,Tsinghua University Maker Space,展商,FT初创项目,人才与教育,H4-FT C070,世博展览馆,世博展览馆H4,VO_EXHIBITION_HALL_1,VO_EXHIBITOR_BOOTH_LOCATION_11,https://www.worldaic.com.cn/exhibitors,2026-07-18
232,参展企业,7552ca2435824869a8fa5063206ec9c6,清昴智能科技（北京）有限公司,"TSINGMAO INTELLIGENCE TECHNOLOGY (BEIJING) CO., LTD.",展商,FT初创项目,核心技术,H4-FT A005,世博展览馆,世博展览馆H4,VO_EXHIBITION_HALL_1,VO_EXHIBITOR_BOOTH_LOCATION_11,https://www.worldaic.com.cn/exhibitors,2026-07-18
233,参展企业,b33e6f986f7940f48ed2ea4232283492,烟台小樱桃网络科技有限公司,"Yantai Xiaoyingtao Network Technology Co., Ltd.",展商,FT初创项目,智能终端,H4-FT C042,世博展览馆,世博展览馆H4,VO_EXHIBITION_HALL_1,VO_EXHIBITOR_BOOTH_LOCATION_11,https://www.worldaic.com.cn/exhibitors,2026-07-18
234,参展企业,3926bd1301d84c38a85a64218715866d,焕智Ai-innopower,Spark-Innopower,展商,FT初创项目,金融科技,H4-FT B403,世博展览馆,世博展览馆H4,VO_EXHIBITION_HALL_1,VO_EXHIBITOR_BOOTH_LOCATION_11,https://www.worldaic.com.cn/exhibitors,2026-07-18
235,参展企业,7ac2f123e6294ca3b018b1b5d4e7285e,爱客易智能科技（上海）有限公司,"Aikeee Intelligent Technology (Shanghai) Co., Ltd.",展商,FT初创项目,核心技术,H4-FT C047,世博展览馆,世博展览馆H4,VO_EXHIBITION_HALL_1,VO_EXHIBITOR_BOOTH_LOCATION_11,https://www.worldaic.com.cn/exhibitors,2026-07-18
236,参展企业,24ef43150f6144fa9f6acc9868c11b93,物自体（上海）科技有限公司,"Noumena (Shanghai) Technology Co., Ltd",展商,FT初创项目,核心技术,H4-FT C024,世博展览馆,世博展览馆H4,VO_EXHIBITION_HALL_1,VO_EXHIBITOR_BOOTH_LOCATION_11,https://www.worldaic.com.cn/exhibitors,2026-07-18
237,参展企业,cd7a8b6e3b43450b88ed975b004b4595,现实回环（深圳）科技有限公司,"Reality Loop (Shenzhen) Technology Co., Ltd.",展商,FT初创项目,具身智能,H4-FT D009,世博展览馆,世博展览馆H4,VO_EXHIBITION_HALL_1,VO_EXHIBITOR_BOOTH_LOCATION_11,https://www.worldaic.com.cn/exhibitors,2026-07-18
238,参展企业,c6cb3a9196b94bb0a252b638dd8e1467,甄觉科技（上海）有限公司,Zhenjue Technology,展商,FT初创项目,工业互联与智能制造,H4-FT B303,世博展览馆,世博展览馆H4,VO_EXHIBITION_HALL_1,VO_EXHIBITOR_BOOTH_LOCATION_11,https://www.worldaic.com.cn/exhibitors,2026-07-18
239,参展企业,395015bdd6f4435db9d24ad0de463eb5,第一推力创新（北京）智能科技有限公司,"FirstmoveAI Innovation (Beijing) Intelligent Technology Co., Ltd.",展商,FT初创项目,具身智能,H4-FT B106,世博展览馆,世博展览馆H4,VO_EXHIBITION_HALL_1,VO_EXHIBITOR_BOOTH_LOCATION_11,https://www.worldaic.com.cn/exhibitors,2026-07-18
240,参展企业,5c492cf5c9dc4824bce93ebebb481e8b,箔光（上海）科技有限公司,"Blinkko Labs, Inc.",展商,FT初创项目,具身智能,H4-FT B011,世博展览馆,世博展览馆H4,VO_EXHIBITION_HALL_1,VO_EXHIBITOR_BOOTH_LOCATION_11,https://www.worldaic.com.cn/exhibitors,2026-07-18
241,参展企业,8d24d917a451479b93f4d85f170b9ea8,米塔视界（北京）科技有限公司,"MeetaVista (Beijing) Technology Co., Ltd.",展商,FT初创项目,智能终端,H4-FT B209,世博展览馆,世博展览馆H4,VO_EXHIBITION_HALL_1,VO_EXHIBITOR_BOOTH_LOCATION_11,https://www.worldaic.com.cn/exhibitors,2026-07-18
242,参展企业,8479e650efff4628943edb3b91224a3b,脑控空间,Mind Space,展商,FT初创项目,智能终端,H4-FT B311,世博展览馆,世博展览馆H4,VO_EXHIBITION_HALL_1,VO_EXHIBITOR_BOOTH_LOCATION_11,https://www.worldaic.com.cn/exhibitors,2026-07-18
243,参展企业,c1d63c715f4a4dbb925423af0c58034a,艾欧智能（深圳）有限公司,IO-AI TECH,展商,FT初创项目,具身智能,H4-FT B109,世博展览馆,世博展览馆H4,VO_EXHIBITION_HALL_1,VO_EXHIBITOR_BOOTH_LOCATION_11,https://www.worldaic.com.cn/exhibitors,2026-07-18
244,参展企业,a9da40ce8d61432d80ac3a4ed7cbda7d,苏州周期智能科技有限公司,"Suzhou BatteryX Technology Co., Ltd ",展商,FT初创项目,核心技术,H4-FT D015,世博展览馆,世博展览馆H4,VO_EXHIBITION_HALL_1,VO_EXHIBITOR_BOOTH_LOCATION_11,https://www.worldaic.com.cn/exhibitors,2026-07-18
245,参展企业,ce6dca22825349fea321124a38b85a30,苏州拉普拉斯人工智能科技有限公司,"Suzhou Laplace Artificial Intelligence Technology Co., Ltd.",展商,FT初创项目,核心技术,H4-FT C038,世博展览馆,世博展览馆H4,VO_EXHIBITION_HALL_1,VO_EXHIBITOR_BOOTH_LOCATION_11,https://www.worldaic.com.cn/exhibitors,2026-07-18
246,参展企业,ddecbfda20b04e24bb0fc8f8a256b583,苏州纬钛科技有限公司,"SUZHOU VITAI TECHONLOGY CO., LTD.",展商,FT初创项目,具身智能,H4-FT B201,世博展览馆,世博展览馆H4,VO_EXHIBITION_HALL_1,VO_EXHIBITOR_BOOTH_LOCATION_11,https://www.worldaic.com.cn/exhibitors,2026-07-18
247,参展企业,7b60c8a1cff546cbb65388cf61c797c2,荆华密算（北京）科技有限公司,Jinghuamisuan Tech Limited,展商,FT初创项目,核心技术,H4-FT A008,世博展览馆,世博展览馆H4,VO_EXHIBITION_HALL_1,VO_EXHIBITOR_BOOTH_LOCATION_11,https://www.worldaic.com.cn/exhibitors,2026-07-18
248,参展企业,a2b237d32b684253ac7f31e0ea0ecc81,记忆张量（上海）科技有限公司,"MemTensor (Shanghai) Technology Co., Ltd","展商,论坛主办方",FT初创项目,核心技术,H4-FT A015,世博展览馆,世博展览馆H4,VO_EXHIBITION_HALL_1,VO_EXHIBITOR_BOOTH_LOCATION_11,https://www.worldaic.com.cn/exhibitors,2026-07-18
249,参展企业,a2b237d32b684253ac7f31e0ea0ecc81,记忆张量（上海）科技有限公司,"MemTensor (Shanghai) Technology Co., Ltd","展商,论坛主办方",FT初创项目,核心技术,H4-017,世博展览馆,世博展览馆H4,VO_EXHIBITION_HALL_1,VO_EXHIBITOR_BOOTH_LOCATION_11,https://www.worldaic.com.cn/exhibitors,2026-07-18
250,参展企业,81ee7d7aaa0244c7aeff66156be4f0cd,语核（上海）科技有限公司,"LangCore (Shanghai) Technology Co., Ltd",展商,FT初创项目,核心技术,H4H4-FT A010,世博展览馆,世博展览馆H4,VO_EXHIBITION_HALL_1,VO_EXHIBITOR_BOOTH_LOCATION_11,https://www.worldaic.com.cn/exhibitors,2026-07-18
251,参展企业,cfe2f49983464f1fa873ff824da3e4d7,邁康數智科技（香港）有限公司,Meddcom Technology (HK) Limited,展商,FT初创项目,智慧医疗,H4-FT C003,世博展览馆,世博展览馆H4,VO_EXHIBITION_HALL_1,VO_EXHIBITOR_BOOTH_LOCATION_11,https://www.worldaic.com.cn/exhibitors,2026-07-18
252,参展企业,665b21d297cd4473ab181ce9b5e1649f,银河启辰（成都）健康医疗机器人有限责任公司,"Galbot Qichen (Chengdu) Medical Robotics Co., Ltd.",展商,FT初创项目,具身智能,H4-FT C014,世博展览馆,世博展览馆H4,VO_EXHIBITION_HALL_1,VO_EXHIBITOR_BOOTH_LOCATION_11,https://www.worldaic.com.cn/exhibitors,2026-07-18
253,参展企业,6ad6223ca0cd493abeb93a5693e0bdff,零零后（北京）科技有限公司,AfterZero,展商,FT初创项目,具身智能,H4-FT B312,世博展览馆,世博展览馆H4,VO_EXHIBITION_HALL_1,VO_EXHIBITOR_BOOTH_LOCATION_11,https://www.worldaic.com.cn/exhibitors,2026-07-18
254,参展企业,144e822c7213419d83028dafc2e120c3,靈迅有限公司,iEarth,展商,FT初创项目,智慧城市,H4-FT D008,世博展览馆,世博展览馆H4,VO_EXHIBITION_HALL_1,VO_EXHIBITOR_BOOTH_LOCATION_11,https://www.worldaic.com.cn/exhibitors,2026-07-18
255,参展企业,166833fdd8ba4d2c9b5665e8f8cdf4eb,Aezia,Aezia,展商,OPC创业项目,建筑业,H4-FT O004,世博展览馆,世博展览馆H4,VO_EXHIBITION_HALL_1,VO_EXHIBITOR_BOOTH_LOCATION_11,https://www.worldaic.com.cn/exhibitors,2026-07-18
256,参展企业,3db5a2c3bbd34ce7bba3df3a0325d2d3,CORVIA AI,Corvia AI,展商,OPC创业项目,核心技术,ZT-004,世博展览馆,世博展览馆中厅,VO_EXHIBITION_HALL_1,VO_EXHIBITOR_BOOTH_LOCATION_4,https://www.worldaic.com.cn/exhibitors,2026-07-18
257,参展企业,2fd083f35a534d55b0863fe1e4b7588a,GitStudy,GitStudy,展商,OPC创业项目,人才与教育,ZT-007,世博展览馆,世博展览馆中厅,VO_EXHIBITION_HALL_1,VO_EXHIBITOR_BOOTH_LOCATION_4,https://www.worldaic.com.cn/exhibitors,2026-07-18
258,参展企业,7e64c570417c4488bd4be9f48e861507,Sonicite,Sonicite,展商,OPC创业项目,文娱艺术与元宇宙,H4-FT O005,世博展览馆,世博展览馆H4,VO_EXHIBITION_HALL_1,VO_EXHIBITOR_BOOTH_LOCATION_11,https://www.worldaic.com.cn/exhibitors,2026-07-18
259,参展企业,3ef16a2bdd8a40fb84ae9eab267d765a,TideFlow睡眠健康,TideFlow Sleep,展商,OPC创业项目,智慧医疗,ZT-005,世博展览馆,世博展览馆中厅,VO_EXHIBITION_HALL_1,VO_EXHIBITOR_BOOTH_LOCATION_4,https://www.worldaic.com.cn/exhibitors,2026-07-18
260,参展企业,0ae88f05ca8a4b93ae34ffbf50dc98f8,上海爱予慧科技有限责任公司,"Shanghai Aiyuhui Technology Co., Ltd.",展商,OPC创业项目,智能终端,H4-FT O001,世博展览馆,世博展览馆H4,VO_EXHIBITION_HALL_1,VO_EXHIBITOR_BOOTH_LOCATION_11,https://www.worldaic.com.cn/exhibitors,2026-07-18
261,参展企业,52a68dab07a1431a88292ea987c92948,上海生声不息科技有限公司,"EverSonic Technology (Shanghai) Co., Ltd.",展商,OPC创业项目,核心技术,H4-FT O008,世博展览馆,世博展览馆H4,VO_EXHIBITION_HALL_1,VO_EXHIBITOR_BOOTH_LOCATION_11,https://www.worldaic.com.cn/exhibitors,2026-07-18
262,参展企业,5b2ea2a4ec6a44149f143992c4173b71,上海葱花投研智能科技有限公司,"Shanghai Chopinsight  Intelligence Technoloy Co., Ltd.",展商,OPC创业项目,金融科技,ZT-001,世博展览馆,世博展览馆中厅,VO_EXHIBITION_HALL_1,VO_EXHIBITOR_BOOTH_LOCATION_4,https://www.worldaic.com.cn/exhibitors,2026-07-18
263,参展企业,b1d33e8a71324b22affbfca9e8dbfde1,上海锐鸥阁霖信息科技有限公司,"Shanghai Real-Green Information Technology Co., Ltd.",展商,OPC创业项目,金融科技,H4-FT O014,世博展览馆,世博展览馆H4,VO_EXHIBITION_HALL_1,VO_EXHIBITOR_BOOTH_LOCATION_11,https://www.worldaic.com.cn/exhibitors,2026-07-18
264,参展企业,8a55760f46684f6b92c1cb22a3d081c0,北京创域认知科技有限公司,"Beijing Chuangyu Cognitive Technology Co., Ltd.",展商,OPC创业项目,核心技术,H4-FT O011,世博展览馆,世博展览馆H4,VO_EXHIBITION_HALL_1,VO_EXHIBITOR_BOOTH_LOCATION_11,https://www.worldaic.com.cn/exhibitors,2026-07-18
265,参展企业,9b5d87628c46405f866372f4237ae5a5,北京芯辰启源科技有限公司,"Beijing Xinchen Qiyuan Technology Co., Ltd.",展商,OPC创业项目,核心技术,H4-FT O002,世博展览馆,世博展览馆H4,VO_EXHIBITION_HALL_1,VO_EXHIBITOR_BOOTH_LOCATION_11,https://www.worldaic.com.cn/exhibitors,2026-07-18
266,参展企业,4e095da907fd46519dead397ce701855,寻村,VillageSeek,展商,OPC创业项目,核心技术,H4-FT O006,世博展览馆,世博展览馆H4,VO_EXHIBITION_HALL_1,VO_EXHIBITOR_BOOTH_LOCATION_11,https://www.worldaic.com.cn/exhibitors,2026-07-18
267,参展企业,4b21115a91024c56bcf7d9d0a40f9ca6,尚雅之都（北京）商贸有限公司,fortunetell ai,展商,OPC创业项目,文娱艺术与元宇宙,H4-FT O009,世博展览馆,世博展览馆H4,VO_EXHIBITION_HALL_1,VO_EXHIBITOR_BOOTH_LOCATION_11,https://www.worldaic.com.cn/exhibitors,2026-07-18
268,参展企业,31bc83d7396142c68e9300695284d74d,杭州光见科技有限责任公司,"Hangzhou Guangjian Technology Co., Ltd.",展商,OPC创业项目,核心技术,ZT-003,世博展览馆,世博展览馆中厅,VO_EXHIBITION_HALL_1,VO_EXHIBITOR_BOOTH_LOCATION_4,https://www.worldaic.com.cn/exhibitors,2026-07-18
269,参展企业,f7d773bb1ab4422b96175e79c72dd51a,杭州忆参科技有限责任公司,"Hangzhou Yican Technology Co., Ltd",展商,OPC创业项目,"工业互联与智能制造,智能终端",H4-FT O013,世博展览馆,世博展览馆H4,VO_EXHIBITION_HALL_1,VO_EXHIBITOR_BOOTH_LOCATION_11,https://www.worldaic.com.cn/exhibitors,2026-07-18
270,参展企业,34f6ead7e8b74a15992e44eba85fbc88,枭兔科技（深圳）有限公司,XIAOTU,展商,OPC创业项目,核心技术,ZT-006,世博展览馆,世博展览馆中厅,VO_EXHIBITION_HALL_1,VO_EXHIBITOR_BOOTH_LOCATION_4,https://www.worldaic.com.cn/exhibitors,2026-07-18
271,参展企业,5a5f19b6ffdf4991abb731a7f2dc232f,柔远科技（武汉）有限公司,"Rouyuan Technology (Wuhan) Co., Ltd",展商,OPC创业项目,核心技术,H4-FT O007,世博展览馆,世博展览馆H4,VO_EXHIBITION_HALL_1,VO_EXHIBITOR_BOOTH_LOCATION_11,https://www.worldaic.com.cn/exhibitors,2026-07-18
272,参展企业,e71bbdfe2b7f4edab3edac36ad47d857,楠鹏诺瓦（北京）智慧科技有限公司,Nanponova,展商,OPC创业项目,核心技术,ZT-002,世博展览馆,世博展览馆中厅,VO_EXHIBITION_HALL_1,VO_EXHIBITOR_BOOTH_LOCATION_4,https://www.worldaic.com.cn/exhibitors,2026-07-18
273,参展企业,700f8381de81490ebf4619214a58d16f,永安市知行创研网络科技工作室,Yong'an Zhixing Chuangyan Network Technology Studio,展商,OPC创业项目,核心技术,H4-FT O012,世博展览馆,世博展览馆H4,VO_EXHIBITION_HALL_1,VO_EXHIBITOR_BOOTH_LOCATION_11,https://www.worldaic.com.cn/exhibitors,2026-07-18
274,参展企业,2e7f9f5eb2d3497e8c2f66a31635eb12,深圳市恩派尔科技有限公司,"Shenzhen Empire Technology Co., Ltd.",展商,OPC创业项目,智能终端,H4-FT O010,世博展览馆,世博展览馆H4,VO_EXHIBITION_HALL_1,VO_EXHIBITOR_BOOTH_LOCATION_11,https://www.worldaic.com.cn/exhibitors,2026-07-18
275,参展企业,2725b4c0aa524c889dcbb59e81161975,跨机器人厂商的Harness AI群体控制统一操作系统,Cross-Vendor Harness AI Fleet Control Operating System for Robots,展商,OPC创业项目,具身智能,H4-FT O003,世博展览馆,世博展览馆H4,VO_EXHIBITION_HALL_1,VO_EXHIBITOR_BOOTH_LOCATION_11,https://www.worldaic.com.cn/exhibitors,2026-07-18
276,参展企业,f054955898ad469d93f82adf7d57982f,上海西井科技股份有限公司,"Shanghai Westwell Technology Co., Ltd.",展商,参展单位,智能驾驶,H2-A625,世博展览馆,世博展览馆H2,VO_EXHIBITION_HALL_1,VO_EXHIBITOR_BOOTH_LOCATION_2,https://www.worldaic.com.cn/exhibitors,2026-07-18
277,参展企业,2eaa19fb866f4021877bd8a47ea78123,优刻得科技股份有限公司,"UCloud Technology Co.,Ltd",展商,参展单位,核心技术,H1-D1030,世博展览馆,世博展览馆H1,VO_EXHIBITION_HALL_1,VO_EXHIBITOR_BOOTH_LOCATION_1,https://www.worldaic.com.cn/exhibitors,2026-07-18
278,参展企业,7a1665001ddc420fb1c3624245fcba9f,比亚迪电子(国际)有限公司,BYD Electronics (International) Company Limited,展商,参展单位,制造业,H2-C1127,世博展览馆,世博展览馆H2,VO_EXHIBITION_HALL_1,VO_EXHIBITOR_BOOTH_LOCATION_2,https://www.worldaic.com.cn/exhibitors,2026-07-18
279,参展企业,32c17167a3d8404dbf8dcd25d79466e0,特赞（上海）信息科技有限公司,"Tezign（Shanghai）Information And Technology Co.,Ltd.",展商,参展单位,核心技术,H1-C135,世博展览馆,世博展览馆H1,VO_EXHIBITION_HALL_1,VO_EXHIBITOR_BOOTH_LOCATION_1,https://www.worldaic.com.cn/exhibitors,2026-07-18
280,参展企业,b4faff86a34c42c18f07263d5665688c,芯展速科技（北京）有限公司,GENSTORAIGE,"展商,论坛主办方",参展单位,核心技术,Z1A-315,张江科学会堂,张江科学会堂-海科厅,VO_EXHIBITION_HALL_3,VO_EXHIBITOR_BOOTH_LOCATION_8,https://www.worldaic.com.cn/exhibitors,2026-07-18
281,参展企业,439bb3bda25945f3a6963485d02f2c41,范式国际有限公司,Phancy Group,展商,参展单位,核心技术,H1-B820,世博展览馆,世博展览馆H1,VO_EXHIBITION_HALL_1,VO_EXHIBITOR_BOOTH_LOCATION_1,https://www.worldaic.com.cn/exhibitors,2026-07-18
282,参展企业,50647cd170b84bb1bd02338818a8f083,西安中科天塔科技股份有限公司,"CasTianta Tech Co., Ltd",展商,参展单位,核心技术,H4-059,世博展览馆,世博展览馆H4,VO_EXHIBITION_HALL_1,VO_EXHIBITOR_BOOTH_LOCATION_11,https://www.worldaic.com.cn/exhibitors,2026-07-18
283,参展企业,068e7cf07e494ae3bb72fad29a1b79d1,"上海国创驭算人工智能科技有限公司
（暨长三角国家技术创新中心智能计算研究所）","Shanghai Guochuang Yusuan Artificial Intelligence Technology Co., Ltd.","展商,论坛主办方",办会单位,核心技术,R015,世博中心,世博中心,VO_EXHIBITION_HALL_2,VO_EXHIBITOR_BOOTH_LOCATION_6,https://www.worldaic.com.cn/exhibitors,2026-07-18
284,参展企业,3ab65ebbbf1f43678927ccb6b8cbaee7,上海道仑文化传播有限公司,"Shanghai Daolun Cultural Communication Co., LTD","展商,论坛主办方",办会单位,租赁业与商业服务业,X1C-704,西岸国际会展中心,西岸国际会展中心,VO_EXHIBITION_HALL_4,VO_EXHIBITOR_BOOTH_LOCATION_12,https://www.worldaic.com.cn/exhibitors,2026-07-18
285,参展企业,e79032ec660c41479cc31c6a9f2159a0,伊利集团,YILI Group,展商,品牌赞助商,制造业,H1-D118,世博展览馆,世博展览馆H1,VO_EXHIBITION_HALL_1,VO_EXHIBITOR_BOOTH_LOCATION_1,https://www.worldaic.com.cn/exhibitors,2026-07-18
286,参展企业,dcd1cf8b59d74326a238480ab8e55dbe,北京金山办公软件股份有限公司,"Beijing Kingsoft Office Software,Inc.",展商,品牌赞助商,核心技术,H1-C811,世博展览馆,世博展览馆H1,VO_EXHIBITION_HALL_1,VO_EXHIBITOR_BOOTH_LOCATION_1,https://www.worldaic.com.cn/exhibitors,2026-07-18
287,参展企业,dcd1cf8b59d74326a238480ab8e55dbe,北京金山办公软件股份有限公司,"Beijing Kingsoft Office Software,Inc.",展商,品牌赞助商,核心技术,X1A-501-01,西岸国际会展中心,西岸国际会展中心,VO_EXHIBITION_HALL_4,VO_EXHIBITOR_BOOTH_LOCATION_12,https://www.worldaic.com.cn/exhibitors,2026-07-18
288,参展企业,141b72113ed34dffb99103aa8a6d8b59,瑞幸咖啡（中国）有限公司,"Luckin Coffee (China) Co., Ltd",展商,品牌赞助商,住宿和餐饮业,H1-D115,世博展览馆,世博展览馆H1,VO_EXHIBITION_HALL_1,VO_EXHIBITOR_BOOTH_LOCATION_1,https://www.worldaic.com.cn/exhibitors,2026-07-18
289,身份未标注,b27ef447f1404c6bb80314512ac5ab71,,,,,智能终端,X1B-107,西岸国际会展中心,西岸国际会展中心,VO_EXHIBITION_HALL_4,VO_EXHIBITOR_BOOTH_LOCATION_12,https://www.worldaic.com.cn/exhibitors,2026-07-18
290,参展企业,e1f6c05d170e4aeebda5230ad8334ac7, 深圳市道通智能航空技术股份有限公司,"Autel Robotics Co., Ltd.",展商,,制造业,H2-E108,世博展览馆,世博展览馆H2,VO_EXHIBITION_HALL_1,VO_EXHIBITOR_BOOTH_LOCATION_2,https://www.worldaic.com.cn/exhibitors,2026-07-18
291,参展企业,eee9b270da8c4bf49de9a5e34883c74f,《中国企业报》中企视讯,CHINA ENTERPRISE NEWS ,展商,,其他,H1-A135,世博展览馆,世博展览馆H1,VO_EXHIBITION_HALL_1,VO_EXHIBITOR_BOOTH_LOCATION_1,https://www.worldaic.com.cn/exhibitors,2026-07-18
292,参展企业,01a8c5de91c6401898419b8a27f3df7c,360数字安全集团,"360 Digital Security Technology Group Co., Ltd.","展商,论坛主办方",,其他,H4-127,世博展览馆,世博展览馆H4,VO_EXHIBITION_HALL_1,VO_EXHIBITOR_BOOTH_LOCATION_11,https://www.worldaic.com.cn/exhibitors,2026-07-18
293,参展企业,f5a93f15110849a88d4048333b4bdc8c,ABB（上海）机器人投资有限公司,ABB Robotics (Shanghai) Investment Limited,展商,,工业互联与智能制造,H1-A827,世博展览馆,世博展览馆H1,VO_EXHIBITION_HALL_1,VO_EXHIBITOR_BOOTH_LOCATION_1,https://www.worldaic.com.cn/exhibitors,2026-07-18
294,参展企业,afa48ee3cdc546f2af45f8eba3b077ff,AutoDL,AutoDL,展商,,核心技术,H1-C735,世博展览馆,世博展览馆H1,VO_EXHIBITION_HALL_1,VO_EXHIBITOR_BOOTH_LOCATION_1,https://www.worldaic.com.cn/exhibitors,2026-07-18
295,参展企业,923da0af6d8d460a99c3343508d36f38,AVEPOINT SINGAPORE PTE. LTD ,AVEPOINT SINGAPORE PTE. LTD,展商,,核心技术,H4-029,世博展览馆,世博展览馆H4,VO_EXHIBITION_HALL_1,VO_EXHIBITOR_BOOTH_LOCATION_11,https://www.worldaic.com.cn/exhibitors,2026-07-18
296,参展企业,b5ac12c566b145779162e144a5a02fc3,ChatCut Inc.,ChatCut Inc.,展商,,核心技术,H4-FT C052,世博展览馆,世博展览馆H4,VO_EXHIBITION_HALL_1,VO_EXHIBITOR_BOOTH_LOCATION_11,https://www.worldaic.com.cn/exhibitors,2026-07-18
297,参展企业,65dafce13fa0462798912cc8dcdde2b8,Dify,Dify,展商,,核心技术,H4-058,世博展览馆,世博展览馆H4,VO_EXHIBITION_HALL_1,VO_EXHIBITOR_BOOTH_LOCATION_11,https://www.worldaic.com.cn/exhibitors,2026-07-18
298,参展企业,6674302b8929424096eb21590cf4c75d,GMI APAC Limited,GMI APAC Limited,"展商,论坛主办方",,核心技术,H1-B825,世博展览馆,世博展览馆H1,VO_EXHIBITION_HALL_1,VO_EXHIBITOR_BOOTH_LOCATION_1,https://www.worldaic.com.cn/exhibitors,2026-07-18
299,参展企业,2f4357a3bf874eaf8e844fa39ae04fe2,Gray Matter Solutions Pte. Ltd.,Gray Matter Solutions Pte. Ltd.,展商,,智慧医疗,H4-FT C006,世博展览馆,世博展览馆H4,VO_EXHIBITION_HALL_1,VO_EXHIBITOR_BOOTH_LOCATION_11,https://www.worldaic.com.cn/exhibitors,2026-07-18
300,参展企业,d56bc08343594bb1a63611f4956d792d,Odin Health Limited,Odin Health Limited,展商,,智慧医疗,H4-010,世博展览馆,世博展览馆H4,VO_EXHIBITION_HALL_1,VO_EXHIBITOR_BOOTH_LOCATION_11,https://www.worldaic.com.cn/exhibitors,2026-07-18
301,参展企业,573dc5f213a24aae91a010ddc87b3b00,Private Company Growth Vision Pro Ltd.,Khan Tengri Innovation Hub ,展商,,其他,H4-180,世博展览馆,世博展览馆H4,VO_EXHIBITION_HALL_1,VO_EXHIBITOR_BOOTH_LOCATION_11,https://www.worldaic.com.cn/exhibitors,2026-07-18
302,参展企业,bb7477628fe54dc698a8a70ef1caec46,"ZenAI, Inc.","ZenAI, Inc.",展商,,具身智能,H4-FT B203,世博展览馆,世博展览馆H4,VO_EXHIBITION_HALL_1,VO_EXHIBITOR_BOOTH_LOCATION_11,https://www.worldaic.com.cn/exhibitors,2026-07-18
303,参展企业,ac60586b7d8947e48399c5622b6aabd0,万兴科技集团股份有限公司,"Wondershare Technology Group Co., Ltd","展商,论坛主办方",,文娱艺术与元宇宙,X1B-303,西岸国际会展中心,西岸国际会展中心,VO_EXHIBITION_HALL_4,VO_EXHIBITOR_BOOTH_LOCATION_12,https://www.worldaic.com.cn/exhibitors,2026-07-18
304,参展企业,0d6a5838b8b0453b95c324bd2f3a70a1,万境千寻（北京）科技有限公司,	Spirit AI,展商,,具身智能,H3-B119,世博展览馆,世博展览馆H3,VO_EXHIBITION_HALL_1,VO_EXHIBITOR_BOOTH_LOCATION_3,https://www.worldaic.com.cn/exhibitors,2026-07-18
305,参展企业,8534011bc1054f3aaa766326dfade3e1,万拿机器人（北京）有限公司,"TheoHand Robotics (Beijing) Co., Ltd.",展商,,具身智能,H3-E521,世博展览馆,世博展览馆H3,VO_EXHIBITION_HALL_1,VO_EXHIBITOR_BOOTH_LOCATION_3,https://www.worldaic.com.cn/exhibitors,2026-07-18
306,参展企业,15b6fa3684b14176b9f646140e221809,万有引力（宁波）电子科技有限公司,"GravityXR Electronics and Technology Co.,Ltd.",展商,,文娱艺术与元宇宙,Z1A-101,张江科学会堂,张江科学会堂-海科厅,VO_EXHIBITION_HALL_3,VO_EXHIBITOR_BOOTH_LOCATION_8,https://www.worldaic.com.cn/exhibitors,2026-07-18
307,参展企业,0c4778375b6c4dd19b6be30dfa93c77d,万维流形（上海）信息科技有限公司,"Wanwei Liuxing (Shanghai) Information Technology Co., Ltd. ",展商,,核心技术,H4-FT C031,世博展览馆,世博展览馆H4,VO_EXHIBITION_HALL_1,VO_EXHIBITOR_BOOTH_LOCATION_11,https://www.worldaic.com.cn/exhibitors,2026-07-18
308,参展企业,11d82cd493454cfa9f1f2f1b5ed80575,万达信息股份有限公司,"Wonders Information Co., Ltd.",展商,,智慧医疗,H2-D527,世博展览馆,世博展览馆H2,VO_EXHIBITION_HALL_1,VO_EXHIBITOR_BOOTH_LOCATION_2,https://www.worldaic.com.cn/exhibitors,2026-07-18
309,参展企业,b8627f30af9641ca9fdce0c899a93a1c,上海一财万项信息科技有限公司,"Shanghai Yicai Wanxiang Information Technology Co., Ltd.","展商,论坛主办方",,其他,L036,世博中心,世博中心,VO_EXHIBITION_HALL_2,VO_EXHIBITOR_BOOTH_LOCATION_6,https://www.worldaic.com.cn/exhibitors,2026-07-18
310,参展企业,7fa1bd493a424c728485e03d70c8cefc,上海万怡医学科技股份有限公司,"HEALIFE GROUP CO.,LTD.",展商,,智慧医疗,X1B-908,西岸国际会展中心,西岸国际会展中心,VO_EXHIBITION_HALL_4,VO_EXHIBITOR_BOOTH_LOCATION_12,https://www.worldaic.com.cn/exhibitors,2026-07-18
311,参展企业,6443d483f95848b1a4bcf06aade884d5,上海中器无量量子科技有限公司,"Sinoquantum Quantum Technology Co., Ltd.",展商,,核心技术,H2-E818,世博展览馆,世博展览馆H2,VO_EXHIBITION_HALL_1,VO_EXHIBITOR_BOOTH_LOCATION_2,https://www.worldaic.com.cn/exhibitors,2026-07-18
312,参展企业,a60a3161cfed4420b440feb583bd18be,上海丽蟾科技有限公司,"Shanghai Lichan Technology Co., Ltd.‌",展商,,核心技术,L012,世博中心,世博中心,VO_EXHIBITION_HALL_2,VO_EXHIBITOR_BOOTH_LOCATION_6,https://www.worldaic.com.cn/exhibitors,2026-07-18
313,参展企业,d71abeaf9c694ad19a1386921e223014,上海久页信息科技有限公司,www.istv.cn,展商,,核心技术,张江厅Z2A803,张江科学会堂,张江科学会堂-张江厅,VO_EXHIBITION_HALL_3,VO_EXHIBITOR_BOOTH_LOCATION_9,https://www.worldaic.com.cn/exhibitors,2026-07-18
314,参展企业,9bba2c6170d341afbf330f7ecf7cb9ce,上海了得科技有限公司,"Shanghai LD Technology Co., Ltd.",展商,,具身智能,H4-089,世博展览馆,世博展览馆H4,VO_EXHIBITION_HALL_1,VO_EXHIBITOR_BOOTH_LOCATION_11,https://www.worldaic.com.cn/exhibitors,2026-07-18
315,参展企业,a1781ef038f84a1283c339419a781fbc,上海云联智宠科技有限责任公司,shanghaicloudlinkpet,展商,,工业互联与智能制造,H4-FT B013,世博展览馆,世博展览馆H4,VO_EXHIBITION_HALL_1,VO_EXHIBITOR_BOOTH_LOCATION_11,https://www.worldaic.com.cn/exhibitors,2026-07-18
316,参展企业,75abe8ea07234ac9aaad07f9d55ff15b,上海云脉芯联科技有限公司,"Shanghai Yunsilicon Technology Co., Ltd",展商,,核心技术,Z1A-618,张江科学会堂,张江科学会堂-海科厅,VO_EXHIBITION_HALL_3,VO_EXHIBITOR_BOOTH_LOCATION_8,https://www.worldaic.com.cn/exhibitors,2026-07-18
317,参展企业,86d9212344ec47c3924862aba074a9c4,上海傅利叶智能科技股份有限公司,Fourier Intelligence Inc.,展商,,具身智能,H3-C116,世博展览馆,世博展览馆H3,VO_EXHIBITION_HALL_1,VO_EXHIBITOR_BOOTH_LOCATION_3,https://www.worldaic.com.cn/exhibitors,2026-07-18
318,参展企业,28a4b329be2442c69eff41ae6263ddca,上海傲意信息科技有限公司,"OYMotion Technologies Co., Ltd.",展商,,具身智能,H3-B107,世博展览馆,世博展览馆H3,VO_EXHIBITION_HALL_1,VO_EXHIBITOR_BOOTH_LOCATION_3,https://www.worldaic.com.cn/exhibitors,2026-07-18
319,参展企业,932fad911c914cbf96eec054ab8d8f3a,上海傲鲨智能科技有限公司,ULSROBOTICS,展商,,智能终端,H3-B210,世博展览馆,世博展览馆H3,VO_EXHIBITION_HALL_1,VO_EXHIBITOR_BOOTH_LOCATION_3,https://www.worldaic.com.cn/exhibitors,2026-07-18
320,参展企业,b01f6ea7ea4a436787542bbe304c2774,上海元枢智汇技术有限公司,OriginHub,展商,,核心技术,X1C-703,西岸国际会展中心,西岸国际会展中心,VO_EXHIBITION_HALL_4,VO_EXHIBITOR_BOOTH_LOCATION_12,https://www.worldaic.com.cn/exhibitors,2026-07-18
321,参展企业,cd8d87d8aced4b62964ac0c7bfa38e59,上海光羽芯辰科技有限公司,Shanghai Guangyu Xinchen Technology Co,展商,,核心技术,H4-001,世博展览馆,世博展览馆H4,VO_EXHIBITION_HALL_1,VO_EXHIBITOR_BOOTH_LOCATION_11,https://www.worldaic.com.cn/exhibitors,2026-07-18
322,参展企业,9f66f92394414c3b853e73bae7c18092,上海六联智能科技有限公司,"Shanghai Sixunited Intelligent Technology Co., Ltd.",展商,,智能终端,H2-B828,世博展览馆,世博展览馆H2,VO_EXHIBITION_HALL_1,VO_EXHIBITOR_BOOTH_LOCATION_2,https://www.worldaic.com.cn/exhibitors,2026-07-18
323,参展企业,5c2b81d7a79f44a8ab47b90c70b0b15c,上海具识智能科技有限公司,"Shanghai Jushi Intelligent Technology Co., Ltd.","展商,论坛主办方",,具身智能,H3-D121,世博展览馆,世博展览馆H3,VO_EXHIBITION_HALL_1,VO_EXHIBITOR_BOOTH_LOCATION_3,https://www.worldaic.com.cn/exhibitors,2026-07-18
324,参展企业,9146df942770408d8b98dae662c1a775,上海友邦泓度智能科技有限公司,"Shanghai YouBangHongDu Intelligent Technology Co., Ltd.","展商,论坛主办方",,核心技术,H1-D822,世博展览馆,世博展览馆H1,VO_EXHIBITION_HALL_1,VO_EXHIBITOR_BOOTH_LOCATION_1,https://www.worldaic.com.cn/exhibitors,2026-07-18
325,参展企业,9146df942770408d8b98dae662c1a775,上海友邦泓度智能科技有限公司,"Shanghai YouBangHongDu Intelligent Technology Co., Ltd.","展商,论坛主办方",,核心技术,L090,世博中心,世博中心,VO_EXHIBITION_HALL_2,VO_EXHIBITOR_BOOTH_LOCATION_6,https://www.worldaic.com.cn/exhibitors,2026-07-18
326,参展企业,51f7b7179b3944a490a0da489d03047c,上海后摩智能科技有限公司,HOUMO.AI,展商,,核心技术,Z1C-506,张江科学会堂,张江科学会堂-海科厅,VO_EXHIBITION_HALL_3,VO_EXHIBITOR_BOOTH_LOCATION_8,https://www.worldaic.com.cn/exhibitors,2026-07-18
327,参展企业,d8dfd195e90f4798bcad71d80ab12ffa,上海国赋科产经济发展有限公司,SHANGHAI GUOFU KECHAN ECONIMOIC DEVELOPMENT CO.LTD,"展商,论坛主办方",,投资机构,000,张江科学会堂,张江科学会堂-海科厅,VO_EXHIBITION_HALL_3,VO_EXHIBITOR_BOOTH_LOCATION_8,https://www.worldaic.com.cn/exhibitors,2026-07-18
328,参展企业,77c9aa98e7964847a2283ce9929ef65c,上海国际汽车城（集团）有限公司,Shanghai International Automobile City,展商,,政府/机构,H4-034,世博展览馆,世博展览馆H4,VO_EXHIBITION_HALL_1,VO_EXHIBITOR_BOOTH_LOCATION_11,https://www.worldaic.com.cn/exhibitors,2026-07-18
329,参展企业,2a1cdc6eb99842d299894bafbfbd85de,上海国际港务(集团)股份有限公司,"Shanghai International Port (Group) Co., Ltd.","展商,论坛主办方",,交通运输、仓储和邮政业,L048,世博中心,世博中心,VO_EXHIBITION_HALL_2,VO_EXHIBITOR_BOOTH_LOCATION_6,https://www.worldaic.com.cn/exhibitors,2026-07-18
330,参展企业,870981cf6d2045f0adff8a0d8922ac41,上海图灵智算量子科技有限公司,"TuringQ Co., Ltd.",展商,,核心技术,H4-117,世博展览馆,世博展览馆H4,VO_EXHIBITION_HALL_1,VO_EXHIBITOR_BOOTH_LOCATION_11,https://www.worldaic.com.cn/exhibitors,2026-07-18
331,参展企业,ea0bf8fb4bb84697bd84d1991d756151,上海城建数字产业集团有限公司,"Shanghai Urban Construction Digital Industry Group CO.,Ltd.",展商,,智慧城市,H2-E512,世博展览馆,世博展览馆H2,VO_EXHIBITION_HALL_1,VO_EXHIBITOR_BOOTH_LOCATION_2,https://www.worldaic.com.cn/exhibitors,2026-07-18
332,参展企业,3c953355f6db406eae870db222e1fc35,上海基流科技股份有限公司,"Infrawaves Co., Ltd.",展商,,核心技术,H4-134,世博展览馆,世博展览馆H4,VO_EXHIBITION_HALL_1,VO_EXHIBITOR_BOOTH_LOCATION_11,https://www.worldaic.com.cn/exhibitors,2026-07-18
333,参展企业,17f41d0816e841f3b82040af598e1d43,上海声网科技有限公司,RTE Dev Community,"展商,论坛主办方",,核心技术,H4-FT B001,世博展览馆,世博展览馆H4,VO_EXHIBITION_HALL_1,VO_EXHIBITOR_BOOTH_LOCATION_11,https://www.worldaic.com.cn/exhibitors,2026-07-18
334,参展企业,cd17f2df30134b8c9974030b6c1b77be,上海大学,SHANGHAI UNIVERSITY,展商,,人才与教育,L091,世博中心,世博中心,VO_EXHIBITION_HALL_2,VO_EXHIBITOR_BOOTH_LOCATION_6,https://www.worldaic.com.cn/exhibitors,2026-07-18
335,参展企业,75f8b6bdb75641afbac4ab5944e5be09,上海天鹜科技有限公司,"Shanghai Matwings Technology Co., Ltd.",展商,,核心技术,H1-D122,世博展览馆,世博展览馆H1,VO_EXHIBITION_HALL_1,VO_EXHIBITOR_BOOTH_LOCATION_1,https://www.worldaic.com.cn/exhibitors,2026-07-18
336,参展企业,84fd7bd6b96a40f7948e5d8c00d7cac2,上海它石智航技术有限公司,"Shanghai TARS Robotics Co., Ltd",展商,,具身智能,H3-C409,世博展览馆,世博展览馆H3,VO_EXHIBITION_HALL_1,VO_EXHIBITOR_BOOTH_LOCATION_3,https://www.worldaic.com.cn/exhibitors,2026-07-18
337,参展企业,e852734b476a4758af8c87a16052df90,上海岩山科技股份有限公司,"Shanghai Stonehill Technology Co., Ltd.",展商,,核心技术,H1-C325,世博展览馆,世博展览馆H1,VO_EXHIBITION_HALL_1,VO_EXHIBITOR_BOOTH_LOCATION_1,https://www.worldaic.com.cn/exhibitors,2026-07-18
338,参展企业,50aa74d6001e4f948833e0b1fa5cc4b3,上海市北高新（集团）有限公司,"Shanghai Shibei Hi-Tech (Group) Co., Ltd.",展商,,房地产业,H2-E116,世博展览馆,世博展览馆H2,VO_EXHIBITION_HALL_1,VO_EXHIBITOR_BOOTH_LOCATION_2,https://www.worldaic.com.cn/exhibitors,2026-07-18
339,参展企业,ea5f4b136dd240f69f70a18bd708acb1,上海市工商业联合会,Shanghai Federation of Industry and Commerce,展商,,政府/机构,H2-C410,世博展览馆,世博展览馆H2,VO_EXHIBITION_HALL_1,VO_EXHIBITOR_BOOTH_LOCATION_2,https://www.worldaic.com.cn/exhibitors,2026-07-18
340,参展企业,d16224134a844d8a8ee8ed11ea3f3086,上海市无线电协会,Shanghai Radio Association,"展商,论坛主办方",,其他,L089,世博中心,世博中心,VO_EXHIBITION_HALL_2,VO_EXHIBITOR_BOOTH_LOCATION_6,https://www.worldaic.com.cn/exhibitors,2026-07-18
341,参展企业,fa93854cc4c646f9b5262d9fb4878c8c,上海市漕河泾新兴技术开发区发展总公司,Shanghai Caohejing Hi-Tech Park Development Crop,"展商,论坛主办方",,房地产业,H3-D101,世博展览馆,世博展览馆H3,VO_EXHIBITION_HALL_1,VO_EXHIBITOR_BOOTH_LOCATION_3,https://www.worldaic.com.cn/exhibitors,2026-07-18
342,参展企业,b3add4eb8c39478685148a2c6d78a08f,上海市节能中心,Shanghai Energy Conservation Center,"展商,论坛主办方",,政府/机构,H4-096,世博展览馆,世博展览馆H4,VO_EXHIBITION_HALL_1,VO_EXHIBITOR_BOOTH_LOCATION_11,https://www.worldaic.com.cn/exhibitors,2026-07-18
343,参展企业,5b044fbb31734521ac13e694a4a82e5b,上海幻辰新域信息科技有限公司,Novix Tech,展商,,核心技术,H4-FT B307,世博展览馆,世博展览馆H4,VO_EXHIBITION_HALL_1,VO_EXHIBITOR_BOOTH_LOCATION_11,https://www.worldaic.com.cn/exhibitors,2026-07-18
344,参展企业,c954cb45449f40f2b965679a5e86a4cb,上海开放处理器产业创新中心,Shanghai Open Processor Industry Innovation Center,"展商,论坛主办方",,核心技术,Z1A-417,张江科学会堂,张江科学会堂-海科厅,VO_EXHIBITION_HALL_3,VO_EXHIBITOR_BOOTH_LOCATION_8,https://www.worldaic.com.cn/exhibitors,2026-07-18
345,参展企业,ae386638ef364bf7bc0861d6218733d9,上海开普勒机器人有限公司,KEPLER ROBOTICS CO LTD,展商,,具身智能,H3-D409,世博展览馆,世博展览馆H3,VO_EXHIBITION_HALL_1,VO_EXHIBITOR_BOOTH_LOCATION_3,https://www.worldaic.com.cn/exhibitors,2026-07-18
346,参展企业,c70a173f826e4e369e4b7879cc822685,上海引态科技有限公司,"Shanghai Yintai Technology Co.,Ltd.",展商,,核心技术,Z1C-808,张江科学会堂,张江科学会堂-海科厅,VO_EXHIBITION_HALL_3,VO_EXHIBITOR_BOOTH_LOCATION_8,https://www.worldaic.com.cn/exhibitors,2026-07-18
347,参展企业,37f3faa3f0cb4b969c4c6229f6d613c4,上海影禾医脉智能科技有限公司,"Shanghai Medical Image Insights Intelligent Technology Co., Ltd.",展商,,智慧医疗,X1A-501-02,西岸国际会展中心,西岸国际会展中心,VO_EXHIBITION_HALL_4,VO_EXHIBITOR_BOOTH_LOCATION_12,https://www.worldaic.com.cn/exhibitors,2026-07-18
348,参展企业,14ba1dcf852540289c4bc4210b8953a9,上海征和机器人有限公司,"Shanghai CHOHO Robotics Co.,Ltd.",展商,,具身智能,H3-E416,世博展览馆,世博展览馆H3,VO_EXHIBITION_HALL_1,VO_EXHIBITOR_BOOTH_LOCATION_3,https://www.worldaic.com.cn/exhibitors,2026-07-18
349,参展企业,c22b736cf21b4be2b03c6cef3509adb0,上海徐汇资本投资有限公司,"SHANGHAI XUHUI CAPITAL INVESTMENT CO.,LTD.",展商,,投资机构,X1B-907,西岸国际会展中心,西岸国际会展中心,VO_EXHIBITION_HALL_4,VO_EXHIBITOR_BOOTH_LOCATION_12,https://www.worldaic.com.cn/exhibitors,2026-07-18
350,参展企业,d5c7836be9924c51b648093aef3d6bc7,上海得像科技有限公司,"SHANGHAI DEXIANG TECHNOLOGY CO., LTD.",展商,,核心技术,H2-E816,世博展览馆,世博展览馆H2,VO_EXHIBITION_HALL_1,VO_EXHIBITOR_BOOTH_LOCATION_2,https://www.worldaic.com.cn/exhibitors,2026-07-18
351,参展企业,437efcd8be5e4bb5a051f83f740f5176,上海德鋆信息科技有限公司,"Shanghai Deyun Information Technology Co., Ltd.",展商,,核心技术,X1A-903,西岸国际会展中心,西岸国际会展中心,VO_EXHIBITION_HALL_4,VO_EXHIBITOR_BOOTH_LOCATION_12,https://www.worldaic.com.cn/exhibitors,2026-07-18
352,参展企业,583e41a7f8a540bba5749439d037dbfb,上海意优智控科技有限公司,"Shanghai Eyoubot Technology Co., LTD",展商,,具身智能,H3-A327,世博展览馆,世博展览馆H3,VO_EXHIBITION_HALL_1,VO_EXHIBITOR_BOOTH_LOCATION_3,https://www.worldaic.com.cn/exhibitors,2026-07-18
353,参展企业,c621223cb03c4e92ba925e8c5c79e745,上海拓璞数控科技股份有限公司,"Shanghai Tuopu Numerical Control Technology Co., Ltd.",展商,,制造业,H1-A609,世博展览馆,世博展览馆H1,VO_EXHIBITION_HALL_1,VO_EXHIBITOR_BOOTH_LOCATION_1,https://www.worldaic.com.cn/exhibitors,2026-07-18
354,参展企业,a643a8a008b64d0da6b1adffbbc8d8cd,上海擎朗智能科技股份有限公司,"KEENON Robotics Co., Ltd.",展商,,具身智能,H3-C201,世博展览馆,世博展览馆H3,VO_EXHIBITION_HALL_1,VO_EXHIBITOR_BOOTH_LOCATION_3,https://www.worldaic.com.cn/exhibitors,2026-07-18
355,参展企业,6f090e34038b4013953d2a6198d3fccd,上海数员信息科技有限公司,DMXAPI,展商,,其他,L061,世博中心,世博中心,VO_EXHIBITION_HALL_2,VO_EXHIBITOR_BOOTH_LOCATION_6,https://www.worldaic.com.cn/exhibitors,2026-07-18
356,参展企业,866b0a9f932248779059d0e23aed4cea,上海斗象信息科技有限公司,"Shanghai Tophant Information Technology Co., Ltd.","展商,论坛主办方",,核心技术,H4-129,世博展览馆,世博展览馆H4,VO_EXHIBITION_HALL_1,VO_EXHIBITOR_BOOTH_LOCATION_11,https://www.worldaic.com.cn/exhibitors,2026-07-18
357,参展企业,3826ed4d4aaa43969515ee95e89782d8,上海新奇机器人有限公司,"Shanghai Nexforce Robotics Co., Ltd.",展商,,具身智能,H3-A410,世博展览馆,世博展览馆H3,VO_EXHIBITION_HALL_1,VO_EXHIBITOR_BOOTH_LOCATION_3,https://www.worldaic.com.cn/exhibitors,2026-07-18
358,参展企业,c6895951c7f54c1f84f79caff898188d,上海星穹方舟人工智能科技有限公司,"Shanghai Star Dome Ark Artificial Intelligence Technology Co., Ltd.",展商,,智能终端,H4-FT B208,世博展览馆,世博展览馆H4,VO_EXHIBITION_HALL_1,VO_EXHIBITOR_BOOTH_LOCATION_11,https://www.worldaic.com.cn/exhibitors,2026-07-18
359,参展企业,37fbd3ab87d346c2b3f51b206c95a9af,上海智书企飞软件技术有限公司,Shanghai ZhiShuQiFei Software Technology Limited.,展商,,核心技术,L014,世博中心,世博中心,VO_EXHIBITION_HALL_2,VO_EXHIBITOR_BOOTH_LOCATION_6,https://www.worldaic.com.cn/exhibitors,2026-07-18
360,参展企业,911a16c185934813ad10f1e2d971629e,上海智慧城市发展研究院,Shanghai Smart Ctiy Development Institute,"展商,论坛主办方",,智慧城市,R037,世博中心,世博中心,VO_EXHIBITION_HALL_2,VO_EXHIBITOR_BOOTH_LOCATION_6,https://www.worldaic.com.cn/exhibitors,2026-07-18
361,参展企业,1c11e9b755584ef08b895a1fbbbc5bb2,上海曦智科技股份有限公司,Shanghai Xizhi Technology Ltd.,"展商,论坛主办方",,核心技术,Z1C-112,张江科学会堂,张江科学会堂-海科厅,VO_EXHIBITION_HALL_3,VO_EXHIBITOR_BOOTH_LOCATION_8,https://www.worldaic.com.cn/exhibitors,2026-07-18
362,参展企业,f7c379be3f55452e9c9f3e9c930fefa9,上海月之暗面科技有限公司,Moonshot AI,展商,,核心技术,H1-C530,世博展览馆,世博展览馆H1,VO_EXHIBITION_HALL_1,VO_EXHIBITOR_BOOTH_LOCATION_1,https://www.worldaic.com.cn/exhibitors,2026-07-18
363,参展企业,0f4235d28e46440da217ac7c057e62d5,上海朗尚传感技术有限公司,Xsens Technolgies B.V.,展商,,"工业互联与智能制造,具身智能,智能驾驶",H3-E516,世博展览馆,世博展览馆H3,VO_EXHIBITION_HALL_1,VO_EXHIBITOR_BOOTH_LOCATION_3,https://www.worldaic.com.cn/exhibitors,2026-07-18
364,参展企业,ca34a6bfb4a04a21bfbc9c845ce9dfe7,上海术理智能科技有限公司,Arfysica Innovation Co. Ltd,展商,,智慧医疗,H4-065,世博展览馆,世博展览馆H4,VO_EXHIBITION_HALL_1,VO_EXHIBITOR_BOOTH_LOCATION_11,https://www.worldaic.com.cn/exhibitors,2026-07-18
365,参展企业,fb42986cb7664041be9cee80324e79f1,上海杨浦滨江企业服务有限公司,"Shanghai Yangpu Binjiang Enterprise Service Co., Ltd.",展商,,其他,H2-D516,世博展览馆,世博展览馆H2,VO_EXHIBITION_HALL_1,VO_EXHIBITOR_BOOTH_LOCATION_2,https://www.worldaic.com.cn/exhibitors,2026-07-18
366,参展企业,fb8595407a8e478db87608433971473e,上海松应科技有限公司,"Shanghai Songying Technology Co., Ltd.",展商,,核心技术,H3-D211,世博展览馆,世博展览馆H3,VO_EXHIBITION_HALL_1,VO_EXHIBITOR_BOOTH_LOCATION_3,https://www.worldaic.com.cn/exhibitors,2026-07-18
367,参展企业,46b485452ec0440a8fded4e1bc0a5467,上海极派乐科技有限公司,Z·Pilot,展商,,批发和零售业,X1B-103,西岸国际会展中心,西岸国际会展中心,VO_EXHIBITION_HALL_4,VO_EXHIBITOR_BOOTH_LOCATION_12,https://www.worldaic.com.cn/exhibitors,2026-07-18
368,参展企业,f72c97beb56a4114927f91c9986b6216,上海梵数智算算力科技有限公司,"Shanghai Fanshuic Co., Ltd",展商,,智能终端,H1-C1039,世博展览馆,世博展览馆H1,VO_EXHIBITION_HALL_1,VO_EXHIBITOR_BOOTH_LOCATION_1,https://www.worldaic.com.cn/exhibitors,2026-07-18
369,参展企业,65f86c2fcb4e4bbeb8905a1af9361ef8,上海模思智能科技有限公司,"Shanghai Mosi Intelligent Technology Co., Ltd.",展商,,核心技术,H1-C1234,世博展览馆,世博展览馆H1,VO_EXHIBITION_HALL_1,VO_EXHIBITOR_BOOTH_LOCATION_1,https://www.worldaic.com.cn/exhibitors,2026-07-18
370,参展企业,eb345e13b131465186d9c0009768f110,上海步科自动化股份有限公司,"Kinco Automation (Shanghai) Co., Ltd.",展商,,具身智能,H3-E308,世博展览馆,世博展览馆H3,VO_EXHIBITION_HALL_1,VO_EXHIBITOR_BOOTH_LOCATION_3,https://www.worldaic.com.cn/exhibitors,2026-07-18
371,参展企业,871bbdd96d8946209ef224d60a2e7d25,上海永轴智造科技有限公司,"Shanghai Yongzhou Intelligent Manufacturing Technology Co., Ltd.",展商,,制造业,H3-A401,世博展览馆,世博展览馆H3,VO_EXHIBITION_HALL_1,VO_EXHIBITOR_BOOTH_LOCATION_3,https://www.worldaic.com.cn/exhibitors,2026-07-18
372,参展企业,7cd5a48bb88f401492ba3f2d074c5310,上海泛函数智能科技有限公司,Functech,展商,,工业互联与智能制造,Z1A-615,张江科学会堂,张江科学会堂-海科厅,VO_EXHIBITION_HALL_3,VO_EXHIBITOR_BOOTH_LOCATION_8,https://www.worldaic.com.cn/exhibitors,2026-07-18
373,参展企业,565b0d9c675c4a07aa5cbfd1fdf8c36d,上海泰雷兹智能卡技术有限公司,"THALES DIS (SHANGHAI) CO.,LTD.",展商,,其他,L074,世博中心,世博中心,VO_EXHIBITION_HALL_2,VO_EXHIBITOR_BOOTH_LOCATION_6,https://www.worldaic.com.cn/exhibitors,2026-07-18
374,参展企业,78e505aef9ca43c0b67864b49c88eef1,上海派动科技有限公司,"Shanghai Paidong Technology Co., Ltd",展商,,"工业互联与智能制造,智慧医疗",H4-028,世博展览馆,世博展览馆H4,VO_EXHIBITION_HALL_1,VO_EXHIBITOR_BOOTH_LOCATION_11,https://www.worldaic.com.cn/exhibitors,2026-07-18
375,参展企业,7450a4fe92e2452d88e6869f3a204769,上海济辰水数字科技有限公司,"Shanghai Jichen Water Digital Technology Co., Ltd.",展商,,其他,H4-080,世博展览馆,世博展览馆H4,VO_EXHIBITION_HALL_1,VO_EXHIBITOR_BOOTH_LOCATION_11,https://www.worldaic.com.cn/exhibitors,2026-07-18
376,参展企业,c6d5b092f521479fb2dc8be04947c90c,上海浩海星空机器人有限公司,"Shanghai HHS Robotics Co., Ltd.",展商,,具身智能,H3-C316,世博展览馆,世博展览馆H3,VO_EXHIBITION_HALL_1,VO_EXHIBITOR_BOOTH_LOCATION_3,https://www.worldaic.com.cn/exhibitors,2026-07-18
377,参展企业,c27afff590db4dcdbd24660e053843d7,上海演语科技有限公司,ShangHai Evoken Technology Co.LTD,展商,,核心技术,X1C-705,西岸国际会展中心,西岸国际会展中心,VO_EXHIBITION_HALL_4,VO_EXHIBITOR_BOOTH_LOCATION_12,https://www.worldaic.com.cn/exhibitors,2026-07-18
378,参展企业,27f26746971945cebc5d2697d34fa8c5,上海灵初智能科技有限公司,"Shanghai PsiBot Intelligent Technology Co., Ltd.",展商,,具身智能,H3-C121,世博展览馆,世博展览馆H3,VO_EXHIBITION_HALL_1,VO_EXHIBITOR_BOOTH_LOCATION_3,https://www.worldaic.com.cn/exhibitors,2026-07-18
379,参展企业,60c7ba7aa90e46efa179de807a5fc3b8,上海灵境智源科技有限公司,"Shanghai MScape Technology Co., Ltd.",展商,,具身智能,H3-C524,世博展览馆,世博展览馆H3,VO_EXHIBITION_HALL_1,VO_EXHIBITOR_BOOTH_LOCATION_3,https://www.worldaic.com.cn/exhibitors,2026-07-18
380,参展企业,b6482912cb074342a64388013fc7c418,上海灵宇宙科技发展有限公司,"Shanghai Lingverse Technology Co., Ltd.",展商,,智能终端,X1C-605,西岸国际会展中心,西岸国际会展中心,VO_EXHIBITION_HALL_4,VO_EXHIBITOR_BOOTH_LOCATION_12,https://www.worldaic.com.cn/exhibitors,2026-07-18
381,参展企业,54f8b8da267f45b5aa5051599371d608,上海灵漾科技有限公司,"Shanghai Lingyoung Technology Co., Ltd.",展商,,人才与教育,H4-014,世博展览馆,世博展览馆H4,VO_EXHIBITION_HALL_1,VO_EXHIBITOR_BOOTH_LOCATION_11,https://www.worldaic.com.cn/exhibitors,2026-07-18
382,参展企业,f9672b60a6b94781899750ecd14b6319,上海熙香智厨机器人有限公司,"Shanghai Xixiang AI Kitchen Robotics Co., Ltd.",展商,,具身智能,H2-D127,世博展览馆,世博展览馆H2,VO_EXHIBITION_HALL_1,VO_EXHIBITOR_BOOTH_LOCATION_2,https://www.worldaic.com.cn/exhibitors,2026-07-18
383,参展企业,e6633b50a59c4f4b968ed8fb0edd093b,上海狄兹精密机械有限公司,"Shanghai Dizi Precision Machine Co., Ltd.",展商,,制造业,H3-A412,世博展览馆,世博展览馆H3,VO_EXHIBITION_HALL_1,VO_EXHIBITOR_BOOTH_LOCATION_3,https://www.worldaic.com.cn/exhibitors,2026-07-18
384,参展企业,1d9ac3de6fd54a4ea711ffd4426caa86,上海玉贲智能科技有限公司,"Shanghai YobiAI Intelligent Technology Co., Ltd",展商,,工业互联与智能制造,H1-A306,世博展览馆,世博展览馆H1,VO_EXHIBITION_HALL_1,VO_EXHIBITOR_BOOTH_LOCATION_1,https://www.worldaic.com.cn/exhibitors,2026-07-18
385,参展企业,7e7f3b0db50346b885a8d6ced9e6ad46,上海现代服务业联合会,Shanghai Services Federation,展商,,政府/机构,H2-E120,世博展览馆,世博展览馆H2,VO_EXHIBITION_HALL_1,VO_EXHIBITOR_BOOTH_LOCATION_2,https://www.worldaic.com.cn/exhibitors,2026-07-18
386,参展企业,536f112399824fa9a5ceb6e3fc2e0600,上海理想汽车科技有限公司,"Shanghai LiXiang Automobile Co., Ltd.",展商,,制造业,H2-A516,世博展览馆,世博展览馆H2,VO_EXHIBITION_HALL_1,VO_EXHIBITOR_BOOTH_LOCATION_2,https://www.worldaic.com.cn/exhibitors,2026-07-18
387,参展企业,cabe50c72b6b422e88c71909691c6aff,上海电气自动化集团有限公司,"Shanghai Electric Automation Group Co., Ltd. ",展商,,制造业,H3-D301,世博展览馆,世博展览馆H3,VO_EXHIBITION_HALL_1,VO_EXHIBITOR_BOOTH_LOCATION_3,https://www.worldaic.com.cn/exhibitors,2026-07-18
388,参展企业,3bbc95a3995646479c5fa9a81797dbb2,上海知未生生科技有限公司,"Shanghai Zhiwei Shengsheng Technology Co., Ltd.，",展商,,智慧医疗,X1A-301,西岸国际会展中心,西岸国际会展中心,VO_EXHIBITION_HALL_4,VO_EXHIBITOR_BOOTH_LOCATION_12,https://www.worldaic.com.cn/exhibitors,2026-07-18
389,参展企业,e5a64e436a474ff19488076430c4850a,上海矩阵超智系统集成有限公司,"Shanghai  MATRIX Superintelligence Systems Integration Co., Ltd.",展商,,具身智能,H3-E106,世博展览馆,世博展览馆H3,VO_EXHIBITION_HALL_1,VO_EXHIBITOR_BOOTH_LOCATION_3,https://www.worldaic.com.cn/exhibitors,2026-07-18
390,参展企业,6890f8653fc343aabda490eb0bc94465,上海硕曜科技有限公司,"Shanghai Shuoyao Technology Co.,Ltd",展商,,核心技术,L025,世博中心,世博中心,VO_EXHIBITION_HALL_2,VO_EXHIBITOR_BOOTH_LOCATION_6,https://www.worldaic.com.cn/exhibitors,2026-07-18
391,参展企业,ea9abadf3fb54d40aea0f7c77f110c1c,上海神一信息科技有限公司,MiTAC Computing Technology Corporation,展商,,制造业,H2-C1327,世博展览馆,世博展览馆H2,VO_EXHIBITION_HALL_1,VO_EXHIBITOR_BOOTH_LOCATION_2,https://www.worldaic.com.cn/exhibitors,2026-07-18
392,参展企业,e465c4c559bc4a81b097d4f1e0c0cc4e,上海科学智能研究院,Shanghai Academy of AI for Science,"展商,论坛主办方",,核心技术,X1A-105,西岸国际会展中心,西岸国际会展中心,VO_EXHIBITION_HALL_4,VO_EXHIBITOR_BOOTH_LOCATION_12,https://www.worldaic.com.cn/exhibitors,2026-07-18
393,参展企业,e387be9c53f645fb94ec6ce96539d7c1,上海科旗赛人工智能科技有限公司,"CARDRI (Shanghai) Physical AI Technology Co., Ltd",展商,,核心技术,Z1A-119,张江科学会堂,张江科学会堂-海科厅,VO_EXHIBITION_HALL_3,VO_EXHIBITOR_BOOTH_LOCATION_8,https://www.worldaic.com.cn/exhibitors,2026-07-18
394,参展企业,541c9b341f7c4ae8b5c961266c49160f,上海移远通信技术股份有限公司," Quectel Wireless Solutions Co., Ltd.",展商,,核心技术,H1-A1018,世博展览馆,世博展览馆H1,VO_EXHIBITION_HALL_1,VO_EXHIBITOR_BOOTH_LOCATION_1,https://www.worldaic.com.cn/exhibitors,2026-07-18
395,参展企业,efde84d33f9b4679ae726fe40620cbf5,上海穹彻智能科技有限公司,"Shanghai Noematrix Intelligence Technology Co., Ltd.",展商,,具身智能,H3-B101,世博展览馆,世博展览馆H3,VO_EXHIBITION_HALL_1,VO_EXHIBITOR_BOOTH_LOCATION_3,https://www.worldaic.com.cn/exhibitors,2026-07-18
396,参展企业,0a158624a4be4468ac2ad2ca60230b9c,上海算模算样科技有限公司,"Shanghai Shanmo Shongyang Technology Co., Ltd.",展商,,核心技术,H4-142,世博展览馆,世博展览馆H4,VO_EXHIBITION_HALL_1,VO_EXHIBITOR_BOOTH_LOCATION_11,https://www.worldaic.com.cn/exhibitors,2026-07-18
397,参展企业,5fd0539e0a604985b1e78a3b04d44ba7,上海索辰信息科技股份有限公司,"Shanghai Suochen Information Technology Co.,Ltd. ","展商,论坛主办方",,工业互联与智能制造,H1-A308,世博展览馆,世博展览馆H1,VO_EXHIBITION_HALL_1,VO_EXHIBITOR_BOOTH_LOCATION_1,https://www.worldaic.com.cn/exhibitors,2026-07-18
398,参展企业,1b5b73ef9e1e4f4bb3f4935d5c0bbd0c,上海紫羚数字科技有限公司,"Shanghai Gazellio Digital Technology Co., Ltd.",展商,,核心技术,X1A-904,西岸国际会展中心,西岸国际会展中心,VO_EXHIBITION_HALL_4,VO_EXHIBITOR_BOOTH_LOCATION_12,https://www.worldaic.com.cn/exhibitors,2026-07-18
399,参展企业,e2b2bc86cd6f4ce8ba60404aa8477e23,上海纬钛科技有限公司,"SHANGHAI VITAI TECHONLOGY CO., LTD.",展商,,具身智能,H3-B224,世博展览馆,世博展览馆H3,VO_EXHIBITION_HALL_1,VO_EXHIBITOR_BOOTH_LOCATION_3,https://www.worldaic.com.cn/exhibitors,2026-07-18
400,参展企业,6d6109338e6f4c93bcee698092c03582,上海维悦时刻科技有限公司,Vivix Group Limited,展商,,核心技术,X1C-706,西岸国际会展中心,西岸国际会展中心,VO_EXHIBITION_HALL_4,VO_EXHIBITOR_BOOTH_LOCATION_12,https://www.worldaic.com.cn/exhibitors,2026-07-18
401,参展企业,d31558be7b6543a0b1f8b73fa7c24948,上海耀速科技有限公司,Xellar biosystems,展商,,核心技术,H1-D1222,世博展览馆,世博展览馆H1,VO_EXHIBITION_HALL_1,VO_EXHIBITOR_BOOTH_LOCATION_1,https://www.worldaic.com.cn/exhibitors,2026-07-18
402,参展企业,db578760526a45edba0086be5c353ac7,上海联影智能科技股份有限公司,"Shanghai United Imaging Intelligence Co., Ltd.","展商,论坛主办方",,智慧医疗,X1A-705,西岸国际会展中心,西岸国际会展中心,VO_EXHIBITION_HALL_4,VO_EXHIBITOR_BOOTH_LOCATION_12,https://www.worldaic.com.cn/exhibitors,2026-07-18
403,参展企业,15a672faa6ab42eb868fb10d64c55660,上海舵正帆满信息技术有限公司,Shanghai Duozhengfanman Information Technology Ltd. Co,展商,,核心技术,H4-140,世博展览馆,世博展览馆H4,VO_EXHIBITION_HALL_1,VO_EXHIBITOR_BOOTH_LOCATION_11,https://www.worldaic.com.cn/exhibitors,2026-07-18
404,参展企业,9980371301034e35aa1ea52b98344fa6,上海苏度科技有限公司,"Shanghai Sudo Technology Co., Ltd.",展商,,具身智能,H3-B301,世博展览馆,世博展览馆H3,VO_EXHIBITION_HALL_1,VO_EXHIBITOR_BOOTH_LOCATION_3,https://www.worldaic.com.cn/exhibitors,2026-07-18
405,参展企业,d5906548476540b889c4a2a1fde2843e,上海蓝生健康科技有限公司,"Shanghai Lansheng Health Technology Co.,Ltd",展商,,智慧医疗,H4-068,世博展览馆,世博展览馆H4,VO_EXHIBITION_HALL_1,VO_EXHIBITOR_BOOTH_LOCATION_11,https://www.worldaic.com.cn/exhibitors,2026-07-18
406,参展企业,26e455fedff24319adab0664521b6590,上海蚂蚁灵波科技有限公司,"Shanghai Ant Robby Technology Co., Ltd","展商,论坛主办方",,具身智能,H3-B302,世博展览馆,世博展览馆H3,VO_EXHIBITION_HALL_1,VO_EXHIBITOR_BOOTH_LOCATION_3,https://www.worldaic.com.cn/exhibitors,2026-07-18
407,参展企业,ed7b3fe03c5f4dbe8945a5f3aebdcf5a,上海财经大学,Shanghai University of Finance and Economics,"展商,论坛主办方",,人才与教育,H4-128,世博展览馆,世博展览馆H4,VO_EXHIBITION_HALL_1,VO_EXHIBITOR_BOOTH_LOCATION_11,https://www.worldaic.com.cn/exhibitors,2026-07-18
408,参展企业,36a16369d1614a3cae62e81dc9d6a659,上海达鑫速科技有限公司,"Shanghai Daxinsu Technology Co., Ltd.","展商,论坛主办方",,具身智能,H3-E203,世博展览馆,世博展览馆H3,VO_EXHIBITION_HALL_1,VO_EXHIBITOR_BOOTH_LOCATION_3,https://www.worldaic.com.cn/exhibitors,2026-07-18
409,参展企业,48734c910ac74e4d90b7eeed4350c5d7,上海道客网络科技有限公司,"Shanghai DaoCloud Network Technology Co., Ltd. ",展商,,核心技术,H1-B1138,世博展览馆,世博展览馆H1,VO_EXHIBITION_HALL_1,VO_EXHIBITOR_BOOTH_LOCATION_1,https://www.worldaic.com.cn/exhibitors,2026-07-18
410,参展企业,a880a6cdc6c040faa4a6e861b89bc17f,上海锋行致远科技有限公司,"Shanghai Fengxing Zhiyuan Technology Co., Ltd.",展商,,核心技术,L057,世博中心,世博中心,VO_EXHIBITION_HALL_2,VO_EXHIBITOR_BOOTH_LOCATION_6,https://www.worldaic.com.cn/exhibitors,2026-07-18
411,参展企业,a3a02ba2a62d428c9cbf63b33e15e015,上海阡视科技有限公司,"Shanghai Quality Intelligence Technology Co., Ltd.",展商,,核心技术,Z1C-117,张江科学会堂,张江科学会堂-海科厅,VO_EXHIBITION_HALL_3,VO_EXHIBITOR_BOOTH_LOCATION_8,https://www.worldaic.com.cn/exhibitors,2026-07-18
412,参展企业,302e13b9a1e743c1b225c8a9898ee5f2,上海集培优信息科技有限公司,"Shanghai COREFIX PRO Information Technology Co., Ltd",展商,,核心技术,027,世博展览馆,世博展览馆H4,VO_EXHIBITION_HALL_1,VO_EXHIBITOR_BOOTH_LOCATION_11,https://www.worldaic.com.cn/exhibitors,2026-07-18
413,参展企业,53fefd106e0e48eb80e80097a3398bf5,上海鲸跃子午科技发展有限公司,LAVIE AI,展商,,其他,Z1A-318,张江科学会堂,张江科学会堂-海科厅,VO_EXHIBITION_HALL_3,VO_EXHIBITOR_BOOTH_LOCATION_8,https://www.worldaic.com.cn/exhibitors,2026-07-18
414,参展企业,56358d70e6504ce1b84d81ffdd9759fd,与光同尘（杭州）文化科技有限公司,"Yu Guang Tong Chen(Hang Zhou) Culture and Technology Co., Ltd. ",展商,,文娱艺术与元宇宙,X1A-501-03、X1A-501-04,西岸国际会展中心,西岸国际会展中心,VO_EXHIBITION_HALL_4,VO_EXHIBITOR_BOOTH_LOCATION_12,https://www.worldaic.com.cn/exhibitors,2026-07-18
415,参展企业,29fa473fef68482cb93fa96aaea9c125,东方有线-上海师范大学,OCN-Shanghai Normal University,"展商,论坛主办方",,人才与教育,H4-031,世博展览馆,世博展览馆H4,VO_EXHIBITION_HALL_1,VO_EXHIBITOR_BOOTH_LOCATION_11,https://www.worldaic.com.cn/exhibitors,2026-07-18
416,参展企业,6cec54ea73264487a08353402902a4b6,东莞市蔼群实业有限公司," Dongguan Aiqun Industrial Co., Ltd",展商,,工业互联与智能制造,Z2B-401,张江科学会堂,张江科学会堂-张江厅,VO_EXHIBITION_HALL_3,VO_EXHIBITOR_BOOTH_LOCATION_9,https://www.worldaic.com.cn/exhibitors,2026-07-18
417,参展企业,dd701515e8fd4e7ebe47fc4144ac2ae3,东软云科技有限公司,"Neusoft Cloud Technology Co., Ltd.",展商,,核心技术,H2-E808,世博展览馆,世博展览馆H2,VO_EXHIBITION_HALL_1,VO_EXHIBITOR_BOOTH_LOCATION_2,https://www.worldaic.com.cn/exhibitors,2026-07-18
418,参展企业,4ac2196c70bb442f924e0b04640165d0,中国中小企业协会,China Association of Small and Medium Enterprises,"展商,论坛主办方",,政府/机构,L007,世博中心,世博中心,VO_EXHIBITION_HALL_2,VO_EXHIBITOR_BOOTH_LOCATION_6,https://www.worldaic.com.cn/exhibitors,2026-07-18
419,参展企业,d134ae5e7c1e47918e7bed8b602c7658,中国互联网协会,Internet Society of China,"展商,论坛主办方",,政府/机构,R016,世博中心,世博中心,VO_EXHIBITION_HALL_2,VO_EXHIBITOR_BOOTH_LOCATION_6,https://www.worldaic.com.cn/exhibitors,2026-07-18
420,参展企业,03471ae32ddd48e289e9785a71095668,中国信息通信研究院泰尔终端实验室,China Academy of Information and Communications Technology,"展商,论坛主办方",,政府/机构,L008,世博中心,世博中心,VO_EXHIBITION_HALL_2,VO_EXHIBITOR_BOOTH_LOCATION_6,https://www.worldaic.com.cn/exhibitors,2026-07-18
421,参展企业,c086caeacf8e4ab689841d55becec853,中国政法大学,China University of Political Science and Law‌,"展商,论坛主办方",,伦理治理,R006,世博中心,世博中心,VO_EXHIBITION_HALL_2,VO_EXHIBITOR_BOOTH_LOCATION_6,https://www.worldaic.com.cn/exhibitors,2026-07-18
422,参展企业,6531f801a16b48e1bcf76c8169ccb43e,中国新闻发展有限责任公司上海分公司,China News Development Co Ltd Shanghai Branch,展商,,"文娱艺术与元宇宙,其他",H1-A136,世博展览馆,世博展览馆H1,VO_EXHIBITION_HALL_1,VO_EXHIBITOR_BOOTH_LOCATION_1,https://www.worldaic.com.cn/exhibitors,2026-07-18
423,参展企业,866b8b18956940b7be0513794adedfde,中国气象局,China Meteorological Administration,"展商,论坛主办方",,政府/机构,H2-D116,世博展览馆,世博展览馆H2,VO_EXHIBITION_HALL_1,VO_EXHIBITOR_BOOTH_LOCATION_2,https://www.worldaic.com.cn/exhibitors,2026-07-18
424,参展企业,6a3b7fa96f4c4fffb3a9d2a944cf3e7b,中国电子云,CECLOUD,"展商,论坛主办方",,核心技术,H4-120,世博展览馆,世博展览馆H4,VO_EXHIBITION_HALL_1,VO_EXHIBITOR_BOOTH_LOCATION_11,https://www.worldaic.com.cn/exhibitors,2026-07-18
425,参展企业,d827e65c3bea4ece9ca611dce9b84fa0,中国电子信息产业集团有限公司,China Electronics Corporation,展商,,核心技术,H1-D806,世博展览馆,世博展览馆H1,VO_EXHIBITION_HALL_1,VO_EXHIBITOR_BOOTH_LOCATION_1,https://www.worldaic.com.cn/exhibitors,2026-07-18
426,参展企业,0959f34f13154552b32037d0dffa595a,中国电子技术标准化研究院,China Electronics Standardization Institute,"展商,论坛主办方",,核心技术,R005,世博中心,世博中心,VO_EXHIBITION_HALL_2,VO_EXHIBITOR_BOOTH_LOCATION_6,https://www.worldaic.com.cn/exhibitors,2026-07-18
427,参展企业,c81890797b174858a1221e16e080f5d5,中国石油天然气集团有限公司,China National Petroleum Corporation,展商,,采矿业,H2-C610,世博展览馆,世博展览馆H2,VO_EXHIBITION_HALL_1,VO_EXHIBITOR_BOOTH_LOCATION_2,https://www.worldaic.com.cn/exhibitors,2026-07-18
428,参展企业,16060b36e296452dbd3d357c417cd534,中国科学院近代物理研究所,"Institute of Modern Physics, Chinese Academy of Sciences","展商,论坛主办方",,政府/机构,X1C-708,西岸国际会展中心,西岸国际会展中心,VO_EXHIBITION_HALL_4,VO_EXHIBITOR_BOOTH_LOCATION_12,https://www.worldaic.com.cn/exhibitors,2026-07-18
429,参展企业,f9e3889d86e94f60b26d8d71e763429d,中国科技发展基金会,Foundation for the Development of Science and Technology in China,"展商,论坛主办方",,政府/机构,H4-033,世博展览馆,世博展览馆H4,VO_EXHIBITION_HALL_1,VO_EXHIBITOR_BOOTH_LOCATION_11,https://www.worldaic.com.cn/exhibitors,2026-07-18
430,参展企业,0ae41dc2cc024ce58192ba420d6148c7,中国网络空间安全协会,CyberSecurity Association of China,"展商,论坛主办方",,政府/机构,R036,世博中心,世博中心,VO_EXHIBITION_HALL_2,VO_EXHIBITOR_BOOTH_LOCATION_6,https://www.worldaic.com.cn/exhibitors,2026-07-18
431,参展企业,cf22027649054d02b6d9e36c83d8fbf0,中国远洋海运集团有限公司,China COSCO SHIPPING Corporation Limited,展商,,交通运输、仓储和邮政业,H2-D120,世博展览馆,世博展览馆H2,VO_EXHIBITION_HALL_1,VO_EXHIBITOR_BOOTH_LOCATION_2,https://www.worldaic.com.cn/exhibitors,2026-07-18
432,参展企业,be505316b0314816a39291e8c667ad29,中控技术股份有限公司,"SUPCON Technology Co., Ltd.",展商,,"核心技术,工业互联与智能制造,制造业",H1-A124,世博展览馆,世博展览馆H1,VO_EXHIBITION_HALL_1,VO_EXHIBITOR_BOOTH_LOCATION_1,https://www.worldaic.com.cn/exhibitors,2026-07-18
433,参展企业,6d27917a56154c4e8461900bdf0b309b,中昊芯英（杭州）科技有限公司,"Zhonghaoxinying (Hangzhou) Technology Co., Ltd","展商,论坛主办方",,核心技术,H1-B1135,世博展览馆,世博展览馆H1,VO_EXHIBITION_HALL_1,VO_EXHIBITOR_BOOTH_LOCATION_1,https://www.worldaic.com.cn/exhibitors,2026-07-18
434,参展企业,4c86235378b8401e97b282362db755d7,中电科大数据研究院有限公司,"CETC Big Data Research Institute Co., Ltd.","展商,论坛主办方",,核心技术,L056,世博中心,世博中心,VO_EXHIBITION_HALL_2,VO_EXHIBITOR_BOOTH_LOCATION_6,https://www.worldaic.com.cn/exhibitors,2026-07-18
435,参展企业,d838f6d2d1664e39b91d324e80d40e42,中科创达软件股份有限公司,ThunderSoft,展商,,"核心技术,智能终端,智能驾驶",H2-A321,世博展览馆,世博展览馆H2,VO_EXHIBITION_HALL_1,VO_EXHIBITOR_BOOTH_LOCATION_2,https://www.worldaic.com.cn/exhibitors,2026-07-18
436,参展企业,c571623d4be84ecab665ba013274cc0f,中科加禾（北京）科技有限公司,"XCORESIGMA CO.,LTD.",展商,,核心技术,H4-114,世博展览馆,世博展览馆H4,VO_EXHIBITION_HALL_1,VO_EXHIBITOR_BOOTH_LOCATION_11,https://www.worldaic.com.cn/exhibitors,2026-07-18
437,参展企业,5ffcab3ba72f4f9b9095910f33e3b5f2,中科弘云科技（北京）有限公司,"HyperAI Technology (Beijing) Co., Ltd",展商,,核心技术,Z2A-609,张江科学会堂,张江科学会堂-张江厅,VO_EXHIBITION_HALL_3,VO_EXHIBITOR_BOOTH_LOCATION_9,https://www.worldaic.com.cn/exhibitors,2026-07-18
438,参展企业,969f862fc9c4494295ae7b33f0aa30c7,中科慧远视觉技术（洛阳）股份有限公司,"Casi Vision Technology（Luoyang） Co.,Ltd.",展商,,工业互联与智能制造,H1-A922,世博展览馆,世博展览馆H1,VO_EXHIBITION_HALL_1,VO_EXHIBITOR_BOOTH_LOCATION_1,https://www.worldaic.com.cn/exhibitors,2026-07-18
439,参展企业,950ad0073ed540109f23732f1091b4e9,中科驭数（北京）科技有限公司,"YUSUR Technology Co., Ltd.",展商,,核心技术,Z1C-518,张江科学会堂,张江科学会堂-海科厅,VO_EXHIBITION_HALL_3,VO_EXHIBITOR_BOOTH_LOCATION_8,https://www.worldaic.com.cn/exhibitors,2026-07-18
440,参展企业,41fd85d926ce4a6693c6e1642d7ceb33,中航电测仪器（西安）有限公司,ZHONGHANG ELECTRONIC MEASURING INSTRUMENTS(XI'AN) CO.LTD.,展商,,制造业,H1-A206,世博展览馆,世博展览馆H1,VO_EXHIBITION_HALL_1,VO_EXHIBITOR_BOOTH_LOCATION_1,https://www.worldaic.com.cn/exhibitors,2026-07-18
441,参展企业,ff9cb68fbe14444d94e0441c725aaca5,乐聚智能（深圳）股份有限公司,"Lejoin Intelligence(Shenzhen) Co.,Ltd","展商,论坛主办方",,具身智能,H3-D116,世博展览馆,世博展览馆H3,VO_EXHIBITION_HALL_1,VO_EXHIBITOR_BOOTH_LOCATION_3,https://www.worldaic.com.cn/exhibitors,2026-07-18
442,参展企业,8564dcba4ed7434b8640f6a296a1cf1a,乐高教育科技（上海）有限公司,LEGO Education Technology (Shanghai) Co. Ltd.,展商,,人才与教育,H4-081,世博展览馆,世博展览馆H4,VO_EXHIBITION_HALL_1,VO_EXHIBITOR_BOOTH_LOCATION_11,https://www.worldaic.com.cn/exhibitors,2026-07-18
443,参展企业,4abea97e3d48426ca2cb6e2fd612fece,九识（苏州）智能科技有限公司,"Zelos (Suzhou) Technology Co., Ltd.",展商,,"智能驾驶,智慧城市,交通运输、仓储和邮政业",H2-A328,世博展览馆,世博展览馆H2,VO_EXHIBITION_HALL_1,VO_EXHIBITOR_BOOTH_LOCATION_2,https://www.worldaic.com.cn/exhibitors,2026-07-18
444,参展企业,88030b125215402d9306745459b302a2,云南近达信息技术有限公司,"Genda Information Technology Co.,Ltd",展商,,核心技术,H4-113,世博展览馆,世博展览馆H4,VO_EXHIBITION_HALL_1,VO_EXHIBITOR_BOOTH_LOCATION_11,https://www.worldaic.com.cn/exhibitors,2026-07-18
445,参展企业,d52986ad06864ce1aeebe277de78a582,云擎数智科技（南京）有限公司,Cloudenginged,展商,,核心技术,Z1A-117,张江科学会堂,张江科学会堂-海科厅,VO_EXHIBITION_HALL_3,VO_EXHIBITOR_BOOTH_LOCATION_8,https://www.worldaic.com.cn/exhibitors,2026-07-18
446,参展企业,dfb7ff3027974067aa2c9fd3fba104d1,云知声（杭州）智能科技有限公司,"Unisound (Hangzhou) AI Technology Co., Ltd.",展商,,核心技术,H1-D730,世博展览馆,世博展览馆H1,VO_EXHIBITION_HALL_1,VO_EXHIBITOR_BOOTH_LOCATION_1,https://www.worldaic.com.cn/exhibitors,2026-07-18
447,参展企业,9a5265d9d5bf4a7f9567f7004660e1c5,云鼎科技股份有限公司,"Yunding Technology Co., Ltd.",展商,,工业互联与智能制造,H2-E501,世博展览馆,世博展览馆H2,VO_EXHIBITION_HALL_1,VO_EXHIBITOR_BOOTH_LOCATION_2,https://www.worldaic.com.cn/exhibitors,2026-07-18
448,参展企业,2d07d89da9f94d8c9d324d2ba267b8b9,五八智能科技（杭州）有限公司,"Wuba Intelligent Technology (Hangzhou) Co., Ltd.",展商,,具身智能,H3-B116,世博展览馆,世博展览馆H3,VO_EXHIBITION_HALL_1,VO_EXHIBITOR_BOOTH_LOCATION_3,https://www.worldaic.com.cn/exhibitors,2026-07-18
449,参展企业,cb0222b5bed7454693320e6496b1b982,五象云谷有限公司,WUXIANG Cloud Valley,展商,,其他,H1-C139,世博展览馆,世博展览馆H1,VO_EXHIBITION_HALL_1,VO_EXHIBITOR_BOOTH_LOCATION_1,https://www.worldaic.com.cn/exhibitors,2026-07-18
450,参展企业,99ee520acef4488aae0af84682440edf,人形机器人（上海）有限公司,"Humanoid Robot （Shanghai) Co., Ltd.","展商,论坛主办方",,具身智能,H3-C108,世博展览馆,世博展览馆H3,VO_EXHIBITION_HALL_1,VO_EXHIBITOR_BOOTH_LOCATION_3,https://www.worldaic.com.cn/exhibitors,2026-07-18
451,参展企业,cb91ed1adcfa469090b211546b8d58a4,亿嘉和科技股份有限公司,"YIJIAHE Technology Co., Ltd.",展商,,工业互联与智能制造,H3-A510,世博展览馆,世博展览馆H3,VO_EXHIBITION_HALL_1,VO_EXHIBITOR_BOOTH_LOCATION_3,https://www.worldaic.com.cn/exhibitors,2026-07-18
452,参展企业,576ad4f00ae248d6be98cb37c9f69f79,优理奇机器人科技（苏州）有限公司,"UniX AI Technology (Suzhou) Co., Ltd.",展商,,具身智能,H3-C610,世博展览馆,世博展览馆H3,VO_EXHIBITION_HALL_1,VO_EXHIBITOR_BOOTH_LOCATION_3,https://www.worldaic.com.cn/exhibitors,2026-07-18
453,参展企业,ffcf83c7715d4e5db17017fb4e0b8758,光轮智能（北京）科技有限公司,"Guanglun Zhineng (Beijing) Technology Co., LTD.",展商,,核心技术,H2-B528,世博展览馆,世博展览馆H2,VO_EXHIBITION_HALL_1,VO_EXHIBITOR_BOOTH_LOCATION_2,https://www.worldaic.com.cn/exhibitors,2026-07-18
454,参展企业,3f03fcc3f3054f2694ba5f2a6d28458f,全知启航（北京）科技有限公司,"Allknowing-data (Beijing) Technology Co.,Ltd.",展商,,核心技术,H4-123,世博展览馆,世博展览馆H4,VO_EXHIBITION_HALL_1,VO_EXHIBITOR_BOOTH_LOCATION_11,https://www.worldaic.com.cn/exhibitors,2026-07-18
455,参展企业,4b4a656ffcd44786a3b0484af14bad22,八维通科技有限公司,"BWTON Technology Co., Ltd.",展商,,"核心技术,工业互联与智能制造,具身智能",H1-A612,世博展览馆,世博展览馆H1,VO_EXHIBITION_HALL_1,VO_EXHIBITOR_BOOTH_LOCATION_1,https://www.worldaic.com.cn/exhibitors,2026-07-18
456,参展企业,013b16da46e346afa820bfeeb11fb4fb,凌迪（浙江）科技股份有限公司,"Lingdi (Zhejiang) Technology Co., Ltd.",展商,,核心技术,H3-D209,世博展览馆,世博展览馆H3,VO_EXHIBITION_HALL_1,VO_EXHIBITOR_BOOTH_LOCATION_3,https://www.worldaic.com.cn/exhibitors,2026-07-18
457,参展企业,da2f037ed6704ccdb2b2f1a07f71fafe,凌雄技术（深圳）有限公司,"LX Technology (Shenzhen) Co., Ltd.",展商,,核心技术,H4-131,世博展览馆,世博展览馆H4,VO_EXHIBITION_HALL_1,VO_EXHIBITOR_BOOTH_LOCATION_11,https://www.worldaic.com.cn/exhibitors,2026-07-18
458,参展企业,eb795c0599d54535b6244168b48f0522,创意电子有限公司,Weltronics Component Limited,展商,,工业互联与智能制造,H3-A112,世博展览馆,世博展览馆H3,VO_EXHIBITION_HALL_1,VO_EXHIBITOR_BOOTH_LOCATION_3,https://www.worldaic.com.cn/exhibitors,2026-07-18
459,参展企业,2871c3aa3a7c46ea8eebda7a4c5609d5,创联三维科技（青岛）有限公司,"Chuanglian 3D Technology(Qingdao) Co.,Ltd.",展商,,制造业,H1-A213,世博展览馆,世博展览馆H1,VO_EXHIBITION_HALL_1,VO_EXHIBITOR_BOOTH_LOCATION_1,https://www.worldaic.com.cn/exhibitors,2026-07-18
460,参展企业,073d63c2461e4da1980658fe0b5216e2,创见资讯股份有限公司,"Transcend Information,Inc.",展商,,其他,H1-A211,世博展览馆,世博展览馆H1,VO_EXHIBITION_HALL_1,VO_EXHIBITOR_BOOTH_LOCATION_1,https://www.worldaic.com.cn/exhibitors,2026-07-18
461,参展企业,b05501b9b44549e2adba397e6059dfd7,劭行数科（上海）智能科技有限公司,"Sawing (Shanghai) Intelligent Technology Co., LTD",展商,,核心技术,H4-105,世博展览馆,世博展览馆H4,VO_EXHIBITION_HALL_1,VO_EXHIBITOR_BOOTH_LOCATION_11,https://www.worldaic.com.cn/exhibitors,2026-07-18
462,参展企业,faedfb2f1cf54ebcadda68d6e980b854,北京万物灵犀科技有限公司,01.SPACE,展商,,文娱艺术与元宇宙,H4-FT B211,世博展览馆,世博展览馆H4,VO_EXHIBITION_HALL_1,VO_EXHIBITOR_BOOTH_LOCATION_11,https://www.worldaic.com.cn/exhibitors,2026-07-18
463,参展企业,2fb0a24e192e4372bc1100905d516d90,北京与爱为舞科技有限公司 ,"Beijing Yuaiweiwu Technology Co., Ltd.",展商,,核心技术,H2-E505,世博展览馆,世博展览馆H2,VO_EXHIBITION_HALL_1,VO_EXHIBITOR_BOOTH_LOCATION_2,https://www.worldaic.com.cn/exhibitors,2026-07-18
464,参展企业,5e0ffe7f64c44023bb017625eeb561cd,北京中科慧灵机器人技术有限公司,"Beijing Zhongke Huiling Robot Technology Co., LTD.",展商,,具身智能,H3-A316,世博展览馆,世博展览馆H3,VO_EXHIBITION_HALL_1,VO_EXHIBITOR_BOOTH_LOCATION_3,https://www.worldaic.com.cn/exhibitors,2026-07-18
465,参展企业,e9a130a33532414b98e6dad1409d8a3a,北京云中融信网络科技股份有限公司,"Beijing RC Tech Co., Ltd.",展商,,核心技术,L050,世博中心,世博中心,VO_EXHIBITION_HALL_2,VO_EXHIBITOR_BOOTH_LOCATION_6,https://www.worldaic.com.cn/exhibitors,2026-07-18
466,参展企业,fd11ccbab45d45a5b1efd816465bf5f9,北京云迹科技股份有限公司,YUNJI TECHNOLOGY,展商,,具身智能,H4-052,世博展览馆,世博展览馆H4,VO_EXHIBITION_HALL_1,VO_EXHIBITOR_BOOTH_LOCATION_11,https://www.worldaic.com.cn/exhibitors,2026-07-18
467,参展企业,c8450b2bdba54c28a6957ca9a4766f07,北京亮亮视野科技有限公司,"Beijing LLVISION Technology Co., Ltd.",展商,,智能终端,X1B-806,西岸国际会展中心,西岸国际会展中心,VO_EXHIBITION_HALL_4,VO_EXHIBITOR_BOOTH_LOCATION_12,https://www.worldaic.com.cn/exhibitors,2026-07-18
468,参展企业,60fa26c1325940fd8322e188bf1adfbc,北京人形机器人创新中心有限公司,Beijing Innovation Center for Humanoid Robotics (X-Humanoid),"展商,论坛主办方",,具身智能,H3-C608,世博展览馆,世博展览馆H3,VO_EXHIBITION_HALL_1,VO_EXHIBITOR_BOOTH_LOCATION_3,https://www.worldaic.com.cn/exhibitors,2026-07-18
469,参展企业,1b537a051980454e8f771b6cdba29d26,北京他山科技有限公司,"Beijing Tashan Technology Co., Ltd.",展商,,具身智能,H3-B124,世博展览馆,世博展览馆H3,VO_EXHIBITION_HALL_1,VO_EXHIBITOR_BOOTH_LOCATION_3,https://www.worldaic.com.cn/exhibitors,2026-07-18
470,参展企业,086bfbffd1124ba7a658c64634a7f06b,北京伊辛智能科技有限公司,"Beijing Ising Intelligent Technology Co., Ltd.",展商,,核心技术,Z2A-607,张江科学会堂,张江科学会堂-张江厅,VO_EXHIBITION_HALL_3,VO_EXHIBITOR_BOOTH_LOCATION_9,https://www.worldaic.com.cn/exhibitors,2026-07-18
471,参展企业,047b16a1b5204bf7be1b6fd3ed5cc50c,北京信而泰科技股份有限公司,"Beijing Xinertel Technology Co., LTD.",展商,,制造业,H4-132,世博展览馆,世博展览馆H4,VO_EXHIBITION_HALL_1,VO_EXHIBITOR_BOOTH_LOCATION_11,https://www.worldaic.com.cn/exhibitors,2026-07-18
472,参展企业,83310faf2b8b460c9a34345bdbb4965f,北京像素绽放科技有限公司,"Beijing PixelBloom Technology Co., Ltd.",展商,,租赁业与商业服务业,X1A-902,西岸国际会展中心,西岸国际会展中心,VO_EXHIBITION_HALL_4,VO_EXHIBITOR_BOOTH_LOCATION_12,https://www.worldaic.com.cn/exhibitors,2026-07-18
473,参展企业,c07bb58edf6f45eeba713bb77cf3eaa6,北京凌川科技有限公司,"Beijing Transtreams Technology Co., Ltd.",展商,,核心技术,Z1C-803,张江科学会堂,张江科学会堂-海科厅,VO_EXHIBITION_HALL_3,VO_EXHIBITOR_BOOTH_LOCATION_8,https://www.worldaic.com.cn/exhibitors,2026-07-18
474,参展企业,5ecd82a166554207a13dbf555dc354f6,北京加速进化科技有限公司,"BOOSTER ROBOTICS TECHNOLOGY CO., LTD",展商,,具身智能,H3-C210,世博展览馆,世博展览馆H3,VO_EXHIBITION_HALL_1,VO_EXHIBITOR_BOOTH_LOCATION_3,https://www.worldaic.com.cn/exhibitors,2026-07-18
475,参展企业,e6b3f7480b054a25b5fde018be20b0ef,北京动码印章科技有限公司,"Beijing Dongma Seal Technology Co.,Ltd",展商,,核心技术,H2-E820,世博展览馆,世博展览馆H2,VO_EXHIBITION_HALL_1,VO_EXHIBITOR_BOOTH_LOCATION_2,https://www.worldaic.com.cn/exhibitors,2026-07-18
476,参展企业,232dcfffb3ca4990856e64a0a1c6d599,北京华创七星微电子股份有限公司,"BEIJING NAURA MICRO-ELECTRONICS CO.,LTD.",展商,,核心技术,Z1C-806,张江科学会堂,张江科学会堂-海科厅,VO_EXHIBITION_HALL_3,VO_EXHIBITOR_BOOTH_LOCATION_8,https://www.worldaic.com.cn/exhibitors,2026-07-18
477,参展企业,746753ad707a4cdb95c5009260f788ce,北京华弘数科技术有限公司,"Beijing Huahon Data Technology Co., Ltd ",展商,,核心技术,Z2A-109,张江科学会堂,张江科学会堂-张江厅,VO_EXHIBITION_HALL_3,VO_EXHIBITOR_BOOTH_LOCATION_9,https://www.worldaic.com.cn/exhibitors,2026-07-18
478,参展企业,cd9c248fcc2b4327b1b07056da3cec24,北京华智信通科技有限公司,"Beijing Huazhi Xintong Technology Co., Ltd.",展商,,其他,L038,世博中心,世博中心,VO_EXHIBITION_HALL_2,VO_EXHIBITOR_BOOTH_LOCATION_6,https://www.worldaic.com.cn/exhibitors,2026-07-18
479,参展企业,cd9c248fcc2b4327b1b07056da3cec24,北京华智信通科技有限公司,"Beijing Huazhi Xintong Technology Co., Ltd.",展商,,其他,H4-024,世博展览馆,世博展览馆H4,VO_EXHIBITION_HALL_1,VO_EXHIBITOR_BOOTH_LOCATION_11,https://www.worldaic.com.cn/exhibitors,2026-07-18
480,参展企业,69497e342dc74365880705b7f1ca1dff,北京启物科技有限责任公司,"Beijing Qiwu Technology Co., Ltd.",展商,,具身智能,H3-E406,世博展览馆,世博展览馆H3,VO_EXHIBITION_HALL_1,VO_EXHIBITOR_BOOTH_LOCATION_3,https://www.worldaic.com.cn/exhibitors,2026-07-18
481,参展企业,f4a8ef5d4c1a452699d16b36a182e074,北京和峰科技有限公司,"Beijing Harqom Technology Co., Ltd.",展商,,工业互联与智能制造,H1-A120,世博展览馆,世博展览馆H1,VO_EXHIBITION_HALL_1,VO_EXHIBITOR_BOOTH_LOCATION_1,https://www.worldaic.com.cn/exhibitors,2026-07-18
482,参展企业,dd2916abbc5041e2b3efab63bf432bfe,北京品西互动科技有限公司,Si-Planet,"展商,论坛主办方",,其他,H3-A203,世博展览馆,世博展览馆H3,VO_EXHIBITION_HALL_1,VO_EXHIBITOR_BOOTH_LOCATION_3,https://www.worldaic.com.cn/exhibitors,2026-07-18
483,参展企业,7dd488f7a90642e1828372c3a3a456c7,北京因时机器人科技有限公司,"Beijing Inspire Robots Technology CO.,LTD",展商,,具身智能,H3-B207,世博展览馆,世博展览馆H3,VO_EXHIBITION_HALL_1,VO_EXHIBITOR_BOOTH_LOCATION_3,https://www.worldaic.com.cn/exhibitors,2026-07-18
484,参展企业,cd01a97db84c4f8bbcc2dea8f618a447,北京容天汇海科技有限公司,Beijing Rongtian Huihai Technology Co Ltd,展商,,其他,Z1C-501,张江科学会堂,张江科学会堂-海科厅,VO_EXHIBITION_HALL_3,VO_EXHIBITOR_BOOTH_LOCATION_8,https://www.worldaic.com.cn/exhibitors,2026-07-18
485,参展企业,ed2ebe5919e34de9aaaf4c4e795ede9c,北京容联易通信息技术有限公司,"Beijing Ronglian Yitong Information Technology Co., Ltd.","展商,论坛主办方",,核心技术,L049,世博中心,世博中心,VO_EXHIBITION_HALL_2,VO_EXHIBITOR_BOOTH_LOCATION_6,https://www.worldaic.com.cn/exhibitors,2026-07-18
486,参展企业,93fe4aaadab647c596c80bc6b5c11769,北京容芯致远科技有限公司,"Beijing Rongxin Zhiyuan Technology Co., Ltd.",展商,,核心技术,Z2B-201,张江科学会堂,张江科学会堂-张江厅,VO_EXHIBITION_HALL_3,VO_EXHIBITOR_BOOTH_LOCATION_9,https://www.worldaic.com.cn/exhibitors,2026-07-18
487,参展企业,57d9f13a040242188446c2e7f3080297,北京并行科技股份有限公司,"Beijing Paratera Technology Co., Ltd.",展商,,核心技术,H1-B930,世博展览馆,世博展览馆H1,VO_EXHIBITION_HALL_1,VO_EXHIBITOR_BOOTH_LOCATION_1,https://www.worldaic.com.cn/exhibitors,2026-07-18
488,参展企业,46717440df994d6c94c74bffe66022cf,北京心影随形科技有限公司91110108MACEHKBQ10,"Beijing LynkSoul Technology Co., Ltd.",展商,,文娱艺术与元宇宙,X1A-908,西岸国际会展中心,西岸国际会展中心,VO_EXHIBITION_HALL_4,VO_EXHIBITOR_BOOTH_LOCATION_12,https://www.worldaic.com.cn/exhibitors,2026-07-18
489,参展企业,fe89a7b498024eceb93c474e751f23bd,北京心言机器人科技有限公司,Cylingo Robotics,展商,,具身智能,X1B-305,西岸国际会展中心,西岸国际会展中心,VO_EXHIBITION_HALL_4,VO_EXHIBITOR_BOOTH_LOCATION_12,https://www.worldaic.com.cn/exhibitors,2026-07-18
490,参展企业,a188d2fa47054837800d0cee75a6177c,北京忆恒创源科技股份有限公司,"Beijing Memblaze Technology Co., Ltd. ",展商,,核心技术,Z2B-501,张江科学会堂,张江科学会堂-张江厅,VO_EXHIBITION_HALL_3,VO_EXHIBITOR_BOOTH_LOCATION_9,https://www.worldaic.com.cn/exhibitors,2026-07-18
491,参展企业,4f3df41f59e34223b9e07f653f5d6b13,北京思灵机器人科技有限责任公司,AGILE ROBOTS,展商,,"核心技术,工业互联与智能制造,具身智能",H3-C627,世博展览馆,世博展览馆H3,VO_EXHIBITION_HALL_1,VO_EXHIBITOR_BOOTH_LOCATION_3,https://www.worldaic.com.cn/exhibitors,2026-07-18
492,参展企业,c445172cc98c4c268f0d4d2d384594bb,北京思特奇信息技术股份有限公司,"SI-TECH  Information  Technology  Co.,Ltd",展商,,核心技术,H2-E520,世博展览馆,世博展览馆H2,VO_EXHIBITION_HALL_1,VO_EXHIBITOR_BOOTH_LOCATION_2,https://www.worldaic.com.cn/exhibitors,2026-07-18
493,参展企业,55c075dda6554a8db065666614d6267f,北京慧领科技有限公司,"Beijing Huiling Technology Co., Ltd",展商,,核心技术,H4-060,世博展览馆,世博展览馆H4,VO_EXHIBITION_HALL_1,VO_EXHIBITOR_BOOTH_LOCATION_11,https://www.worldaic.com.cn/exhibitors,2026-07-18
494,参展企业,d12a941f43714759835405ce55acb957,北京数巅科技有限公司,"Beijing DiPEAK Technology Co., Ltd. ",展商,,核心技术,H2-E525,世博展览馆,世博展览馆H2,VO_EXHIBITION_HALL_1,VO_EXHIBITOR_BOOTH_LOCATION_2,https://www.worldaic.com.cn/exhibitors,2026-07-18
495,参展企业,df4bfbfdab8e454c8666106353a598a6,北京数美时代科技有限公司,"Beijing Shumei Shidai Technology Co., Ltd",展商,,核心技术,L013,世博中心,世博中心,VO_EXHIBITION_HALL_2,VO_EXHIBITOR_BOOTH_LOCATION_6,https://www.worldaic.com.cn/exhibitors,2026-07-18
496,参展企业,96099462a23a44179a539cfa2425ba40,北京新智慧游戏科技有限公司,"Beijing New AI Gaming Technology Co., Ltd.",展商,,核心技术,X1B-909,西岸国际会展中心,西岸国际会展中心,VO_EXHIBITION_HALL_4,VO_EXHIBITOR_BOOTH_LOCATION_12,https://www.worldaic.com.cn/exhibitors,2026-07-18
497,参展企业,91eff52a72d94bbd93a8bb6500ab18df,北京星动纪元科技股份有限公司,"Beijing Xingdongjiyuan Co., Ltd.",展商,,具身智能,H3-A501,世博展览馆,世博展览馆H3,VO_EXHIBITION_HALL_1,VO_EXHIBITOR_BOOTH_LOCATION_3,https://www.worldaic.com.cn/exhibitors,2026-07-18
498,参展企业,4bff88c7f17645a8ba8aca5de4ac2d71,北京未来式智能科技有限公司,AutoAgents.AI,展商,,核心技术,L037,世博中心,世博中心,VO_EXHIBITION_HALL_2,VO_EXHIBITOR_BOOTH_LOCATION_6,https://www.worldaic.com.cn/exhibitors,2026-07-18
499,参展企业,f284e6e8b8f94bc9a2f7439006232385,北京机科未来科技有限公司,RoboScience,展商,,具身智能,H3-C221,世博展览馆,世博展览馆H3,VO_EXHIBITION_HALL_1,VO_EXHIBITOR_BOOTH_LOCATION_3,https://www.worldaic.com.cn/exhibitors,2026-07-18
500,参展企业,9cf9e598503648ab8ece4b0e81a6babc,北京松延动力科技集团股份有限公司,"Beijing Noetix Robotics Technology Group Co., Ltd.",展商,,具身智能,H3-C327,世博展览馆,世博展览馆H3,VO_EXHIBITION_HALL_1,VO_EXHIBITOR_BOOTH_LOCATION_3,https://www.worldaic.com.cn/exhibitors,2026-07-18
501,参展企业,8af0715bb92d4125afa03c6632ed2599,北京极佳视界科技有限公司,"Beijing GigaAI Technology Co., Ltd.",展商,,"核心技术,具身智能",H3-D105,世博展览馆,世博展览馆H3,VO_EXHIBITION_HALL_1,VO_EXHIBITOR_BOOTH_LOCATION_3,https://www.worldaic.com.cn/exhibitors,2026-07-18
502,参展企业,cbee3089e7c748c297be1a44d8042030,北京极客伙伴科技有限公司,Beijing Jike Partners Tech Co.，Ltd.,展商,,其他,H1-A134,世博展览馆,世博展览馆H1,VO_EXHIBITION_HALL_1,VO_EXHIBITOR_BOOTH_LOCATION_1,https://www.worldaic.com.cn/exhibitors,2026-07-18
503,参展企业,b2c4dce673c741f8be7c09e0b8fa293c,北京极智嘉科技股份有限公司,"Beijing Geekplus Technology Co., Ltd.",展商,,具身智能,H3-D124,世博展览馆,世博展览馆H3,VO_EXHIBITION_HALL_1,VO_EXHIBITOR_BOOTH_LOCATION_3,https://www.worldaic.com.cn/exhibitors,2026-07-18
504,参展企业,1cd688e64c714dfeb54bcfb042f921c5,北京海光芯正科技股份有限公司,"Crealights Technology Co., Ltd.",展商,,核心技术,Z1C-813,张江科学会堂,张江科学会堂-海科厅,VO_EXHIBITION_HALL_3,VO_EXHIBITOR_BOOTH_LOCATION_8,https://www.worldaic.com.cn/exhibitors,2026-07-18
505,参展企业,d8b1da6e5c664433aaf626764a783129,北京海天瑞声科技股份有限公司,"Beijing Haitian Ruisheng Science Technology Co.,Ltd.",展商,,其他,R019,世博中心,世博中心,VO_EXHIBITION_HALL_2,VO_EXHIBITOR_BOOTH_LOCATION_6,https://www.worldaic.com.cn/exhibitors,2026-07-18
506,参展企业,c12d168a72c04ce0ba2622a995bb2b06,北京涛思数据科技有限公司,TDengine,展商,,核心技术,H2-E516,世博展览馆,世博展览馆H2,VO_EXHIBITION_HALL_1,VO_EXHIBITOR_BOOTH_LOCATION_2,https://www.worldaic.com.cn/exhibitors,2026-07-18
507,参展企业,96f6ea4d1974437bb7cfb2eca6fbdbc7,北京清程极智科技有限公司,Qingcheng.AI,展商,,核心技术,H1-D1230,世博展览馆,世博展览馆H1,VO_EXHIBITION_HALL_1,VO_EXHIBITOR_BOOTH_LOCATION_1,https://www.worldaic.com.cn/exhibitors,2026-07-18
508,参展企业,8d756566bf404ab6804352514b5191cc,北京澜舟科技有限公司,Beijing Langboat Technology,展商,,核心技术,H1-C535,世博展览馆,世博展览馆H1,VO_EXHIBITION_HALL_1,VO_EXHIBITOR_BOOTH_LOCATION_1,https://www.worldaic.com.cn/exhibitors,2026-07-18
509,参展企业,18d3854851164f2bacd1b94d8601f9c2,北京灵御智能科技有限公司,"Beijing Lingyu Intelligent Technology Co., Ltd.",展商,,具身智能,H3-A422,世博展览馆,世博展览馆H3,VO_EXHIBITION_HALL_1,VO_EXHIBITOR_BOOTH_LOCATION_3,https://www.worldaic.com.cn/exhibitors,2026-07-18
510,参展企业,7ed5f2d996ed474581b792e9bc5f1cda,北京焱融科技有限公司,"Beijing Yanrong Technology Co., Ltd.",展商,,核心技术,L076,世博中心,世博中心,VO_EXHIBITION_HALL_2,VO_EXHIBITOR_BOOTH_LOCATION_6,https://www.worldaic.com.cn/exhibitors,2026-07-18
511,参展企业,90d7afb5b43742409cfbaf44caf4f46c,北京爱诗科技有限公司,AIsphere,展商,,核心技术,X1B-101,西岸国际会展中心,西岸国际会展中心,VO_EXHIBITION_HALL_4,VO_EXHIBITOR_BOOTH_LOCATION_12,https://www.worldaic.com.cn/exhibitors,2026-07-18
512,参展企业,4e0508dc4be14d528ee3b04151ceacb1,北京理工大学,Beijing Institute of Technology,展商,,人才与教育,H4-025,世博展览馆,世博展览馆H4,VO_EXHIBITION_HALL_1,VO_EXHIBITOR_BOOTH_LOCATION_11,https://www.worldaic.com.cn/exhibitors,2026-07-18
513,参展企业,9920038b7a1f4e47a5b1128f80349f6f,北京生数科技股份有限公司,"Beijing ShengShu Technology Co., Ltd.","展商,论坛主办方",,核心技术,X1B-301,西岸国际会展中心,西岸国际会展中心,VO_EXHIBITION_HALL_4,VO_EXHIBITOR_BOOTH_LOCATION_12,https://www.worldaic.com.cn/exhibitors,2026-07-18
514,参展企业,1d44e13cb86f4de5b9a896cf29e3a388,北京知乎网技术有限公司,"Beijing Zhihuwang Technology Co., Ltd.",展商,,其他,X1B-107,西岸国际会展中心,西岸国际会展中心,VO_EXHIBITION_HALL_4,VO_EXHIBITOR_BOOTH_LOCATION_12,https://www.worldaic.com.cn/exhibitors,2026-07-18
515,参展企业,1d44e13cb86f4de5b9a896cf29e3a388,北京知乎网技术有限公司,"Beijing Zhihuwang Technology Co., Ltd.",展商,,其他,H1-208,世博展览馆,世博展览馆H1,VO_EXHIBITION_HALL_1,VO_EXHIBITOR_BOOTH_LOCATION_1,https://www.worldaic.com.cn/exhibitors,2026-07-18
516,参展企业,2cb42325d2de468eb1bfb912613d14d1,北京硅基流动科技有限公司,"BEIJING SILICONFLOW TECHNOLOGY CO., LTD",展商,,核心技术,H1-B935,世博展览馆,世博展览馆H1,VO_EXHIBITION_HALL_1,VO_EXHIBITOR_BOOTH_LOCATION_1,https://www.worldaic.com.cn/exhibitors,2026-07-18
517,参展企业,b81c2776eac74eceab18dd198186f829,北京神州泰岳软件股份有限公司,"Ultrapower Software Co., Ltd",展商,,核心技术,L077,世博中心,世博中心,VO_EXHIBITION_HALL_2,VO_EXHIBITOR_BOOTH_LOCATION_6,https://www.worldaic.com.cn/exhibitors,2026-07-18
518,参展企业,77d2d4baccd046fb8f83e51b5f32c673,北京科杰科技有限公司,KeenData,展商,,核心技术,H2-E523,世博展览馆,世博展览馆H2,VO_EXHIBITION_HALL_1,VO_EXHIBITOR_BOOTH_LOCATION_2,https://www.worldaic.com.cn/exhibitors,2026-07-18
519,参展企业,0c3e9bb038bf4737aadeff1c88593aa5,北京算力之光通信技术有限公司,"Beijing Computing Power Light Communication Technology Co., Ltd.",展商,,核心技术,Z2B-409,张江科学会堂,张江科学会堂-张江厅,VO_EXHIBITION_HALL_3,VO_EXHIBITOR_BOOTH_LOCATION_9,https://www.worldaic.com.cn/exhibitors,2026-07-18
520,参展企业,c893c7f44a414ef48df09f9845133ca8,北京网聘信息技术有限公司,"Beijing Wangpin Information Technology Co., Ltd.",展商,,人才与教育,Z2A-401,张江科学会堂,张江科学会堂-张江厅,VO_EXHIBITION_HALL_3,VO_EXHIBITOR_BOOTH_LOCATION_9,https://www.worldaic.com.cn/exhibitors,2026-07-18
521,参展企业,a86dca0cb19849fcb1ef7db0049aae5b,北京致敬未知科技有限公司,"Beijing Honor The Unknown Technology Co., Ltd",展商,,智能终端,X1C-701,西岸国际会展中心,西岸国际会展中心,VO_EXHIBITION_HALL_4,VO_EXHIBITOR_BOOTH_LOCATION_12,https://www.worldaic.com.cn/exhibitors,2026-07-18
522,参展企业,772e742103f749d8ad758095d4e15833,北京艾力泰尔信息技术股份有限公司,"Beijing Elitel Information Technologies Co., Ltd.",展商,,核心技术,L060,世博中心,世博中心,VO_EXHIBITION_HALL_2,VO_EXHIBITOR_BOOTH_LOCATION_6,https://www.worldaic.com.cn/exhibitors,2026-07-18
523,参展企业,a74f3f67572f4221b2c48910b8d0c417,北京衔远科技有限公司,"BEIJING FRONTIS TECH CO., LTD.",展商,,核心技术,H1-C820,世博展览馆,世博展览馆H1,VO_EXHIBITION_HALL_1,VO_EXHIBITOR_BOOTH_LOCATION_1,https://www.worldaic.com.cn/exhibitors,2026-07-18
524,参展企业,6761ef56af224b7da425b4990012d20e,北京谋先飞技术有限公司,Motphys Tech Beijing,展商,,具身智能,H3-E408,世博展览馆,世博展览馆H3,VO_EXHIBITION_HALL_1,VO_EXHIBITOR_BOOTH_LOCATION_3,https://www.worldaic.com.cn/exhibitors,2026-07-18
525,参展企业,a780dbe6aeb14d7b9c66e8ae98106b4a,北京越伴动力科技有限公司,Luvbot,展商,,具身智能,X1C-307,西岸国际会展中心,西岸国际会展中心,VO_EXHIBITION_HALL_4,VO_EXHIBITOR_BOOTH_LOCATION_12,https://www.worldaic.com.cn/exhibitors,2026-07-18
526,参展企业,0ab6d36f5d174316a6a596cc52039b9e,北京趋境科技有限责任公司,Approaching.AI,展商,,核心技术,H4-019,世博展览馆,世博展览馆H4,VO_EXHIBITION_HALL_1,VO_EXHIBITOR_BOOTH_LOCATION_11,https://www.worldaic.com.cn/exhibitors,2026-07-18
527,参展企业,76b8aa4d35d44cd38b2ee2bef42b561d,北京达奇月泉仿生科技有限公司,Yue Quan Bionics Ltd.,展商,,具身智能,H3-E126,世博展览馆,世博展览馆H3,VO_EXHIBITION_HALL_1,VO_EXHIBITOR_BOOTH_LOCATION_3,https://www.worldaic.com.cn/exhibitors,2026-07-18
528,参展企业,66e22d4642554b4ca669f4b607f11a70,北京迪天嘉业信息科技有限责任公司,"Beijing Ditianjiaye I&T Co.,Ltd",展商,,工业互联与智能制造,Z2B-609,张江科学会堂,张江科学会堂-张江厅,VO_EXHIBITION_HALL_3,VO_EXHIBITOR_BOOTH_LOCATION_9,https://www.worldaic.com.cn/exhibitors,2026-07-18
529,参展企业,1b0df9bb30cc46db8556c4a0304a232d,北京金钢科技有限公司,KingKong Technology,展商,,制造业,H3-A324,世博展览馆,世博展览馆H3,VO_EXHIBITION_HALL_1,VO_EXHIBITOR_BOOTH_LOCATION_3,https://www.worldaic.com.cn/exhibitors,2026-07-18
530,参展企业,bef30a1bbd134836ba9f72f0185f65df,北京银河通用机器人股份有限公司,"Beijing Galbot Al Co., Ltd.",展商,,具身智能,H3-C601,世博展览馆,世博展览馆H3,VO_EXHIBITION_HALL_1,VO_EXHIBITOR_BOOTH_LOCATION_3,https://www.worldaic.com.cn/exhibitors,2026-07-18
531,参展企业,be4fb5c8805d4391a01eba379e0f196a,北京零一万物科技有限公司,01.AI,展商,,核心技术,H1-C120,世博展览馆,世博展览馆H1,VO_EXHIBITION_HALL_1,VO_EXHIBITOR_BOOTH_LOCATION_1,https://www.worldaic.com.cn/exhibitors,2026-07-18
532,参展企业,00a8ba024870473582588cba36404ac1,北京面壁智能科技有限责任公司,ModelBest Inc.,"展商,论坛主办方",,核心技术,H1-C730,世博展览馆,世博展览馆H1,VO_EXHIBITION_HALL_1,VO_EXHIBITOR_BOOTH_LOCATION_1,https://www.worldaic.com.cn/exhibitors,2026-07-18
533,参展企业,80c732b850634a099322030c25922237,北京首都在线科技股份有限公司,"Capitalonline Data Service Co., Ltd",展商,,核心技术,Z1C-513,张江科学会堂,张江科学会堂-海科厅,VO_EXHIBITION_HALL_3,VO_EXHIBITOR_BOOTH_LOCATION_8,https://www.worldaic.com.cn/exhibitors,2026-07-18
534,参展企业,3f894442056e4f24a11d5df38494728d,北京麦麦趣耕科技有限公司,"Beijing Maimai Agriculture Joy Technology Co.,Ltd.","展商,论坛主办方",,农、林、牧、渔业,H2-E508,世博展览馆,世博展览馆H2,VO_EXHIBITION_HALL_1,VO_EXHIBITOR_BOOTH_LOCATION_2,https://www.worldaic.com.cn/exhibitors,2026-07-18
535,参展企业,0eb435c1b96948d3a312b357c814f996,千觉机器人科技（上海）有限公司,"Xense Robotics Technology (Shanghai) Co., Ltd.",展商,,具身智能,H3-B127,世博展览馆,世博展览馆H3,VO_EXHIBITION_HALL_1,VO_EXHIBITOR_BOOTH_LOCATION_3,https://www.worldaic.com.cn/exhibitors,2026-07-18
536,参展企业,dfd311576153496abbd852935c7a7967,半醒具身（上海）智能科技有限公司,"Banxing Embodied(Shanghai) Intelligence Technology Co., Ltd.",展商,,具身智能,H3-C324,世博展览馆,世博展览馆H3,VO_EXHIBITION_HALL_1,VO_EXHIBITOR_BOOTH_LOCATION_3,https://www.worldaic.com.cn/exhibitors,2026-07-18
537,参展企业,770b1e0039c34f938533ee44ab218a7f,华东政法大学,East China University of Political Science and Law,"展商,论坛主办方",,人才与教育,L055,世博中心,世博中心,VO_EXHIBITION_HALL_2,VO_EXHIBITOR_BOOTH_LOCATION_6,https://www.worldaic.com.cn/exhibitors,2026-07-18
538,参展企业,a3dd505d50324e2e81ad2e9cb6b1f3fb,卓世科技（海南）股份有限公司 , Zoellent Technology,展商,,具身智能,H4-053,世博展览馆,世博展览馆H4,VO_EXHIBITION_HALL_1,VO_EXHIBITOR_BOOTH_LOCATION_11,https://www.worldaic.com.cn/exhibitors,2026-07-18
539,参展企业,6ae3a103ca3d483db76b7f5ca9e87685,南京因克斯智能科技有限公司,"Nanjing Encos Intelligent Technology Co., Ltd",展商,,具身智能,H3-E306,世博展览馆,世博展览馆H3,VO_EXHIBITION_HALL_1,VO_EXHIBITOR_BOOTH_LOCATION_3,https://www.worldaic.com.cn/exhibitors,2026-07-18
540,参展企业,79d8426930254216a7efc1035785e13a,南京宇叠智能科技有限公司,"Nanjing Udexreal Tech Co.,Ltd",展商,,具身智能,H4-091,世博展览馆,世博展览馆H4,VO_EXHIBITION_HALL_1,VO_EXHIBITOR_BOOTH_LOCATION_11,https://www.worldaic.com.cn/exhibitors,2026-07-18
541,参展企业,7e8064a3f7d0499796ead43e4df6bc0a,南京旺德睿信息技术有限公司,"Nanjing WangDeRui Information Technology Co., Ltd",展商,,核心技术,H4-107,世博展览馆,世博展览馆H4,VO_EXHIBITION_HALL_1,VO_EXHIBITOR_BOOTH_LOCATION_11,https://www.worldaic.com.cn/exhibitors,2026-07-18
542,参展企业,45ad600f93f94e298b3dbb1f05c120e8,南京深度智控科技有限公司,"Nanjing DeepCtrls Technologies Co., Ltd.",展商,,工业互联与智能制造,H1-D734,世博展览馆,世博展览馆H1,VO_EXHIBITION_HALL_1,VO_EXHIBITOR_BOOTH_LOCATION_1,https://www.worldaic.com.cn/exhibitors,2026-07-18
543,参展企业,6917c68c53c848cc902bbdefe89bd066,南京炫佳网络科技有限公司,"Nanjing Xuanjia Network Technology Co., Ltd.",展商,,核心技术,X1A-101,西岸国际会展中心,西岸国际会展中心,VO_EXHIBITION_HALL_4,VO_EXHIBITOR_BOOTH_LOCATION_12,https://www.worldaic.com.cn/exhibitors,2026-07-18
544,参展企业,6362127c1022490282438e620001e0f5,南京维界科技有限公司,ViewX Ltd,展商,,智能终端,X1C-511-04,西岸国际会展中心,西岸国际会展中心,VO_EXHIBITION_HALL_4,VO_EXHIBITOR_BOOTH_LOCATION_12,https://www.worldaic.com.cn/exhibitors,2026-07-18
545,参展企业,7c94e9a7b630456e86f2393a7331fdc0,南宁宇立仪器有限公司,Sunrise Instruments,展商,,具身智能,H3-E518,世博展览馆,世博展览馆H3,VO_EXHIBITION_HALL_1,VO_EXHIBITOR_BOOTH_LOCATION_3,https://www.worldaic.com.cn/exhibitors,2026-07-18
546,参展企业,34cc279ca9634ba7b3c52446f61b068b,南宁市腾云智算科技有限公司,"Nanning Tengyun Intelligent Computing Technology Co., Ltd.",展商,,制造业,Z2B-303,张江科学会堂,张江科学会堂-张江厅,VO_EXHIBITION_HALL_3,VO_EXHIBITOR_BOOTH_LOCATION_9,https://www.worldaic.com.cn/exhibitors,2026-07-18
547,参展企业,53fe6f88824749cc8a4acfa6c6c0681d,南昌酷德智能科技有限公司,"Nanchang Kude Intellegient Technology Co.,Ltd",展商,,具身智能,H3-A121,世博展览馆,世博展览馆H3,VO_EXHIBITION_HALL_1,VO_EXHIBITOR_BOOTH_LOCATION_3,https://www.worldaic.com.cn/exhibitors,2026-07-18
548,参展企业,4b6961ff5e0b4a8d8aecaa490bb36690,卡尔蔡司（上海）管理有限公司,"CARL ZEISS (SHANGHAI) CO., LTD.",展商,,制造业,H1-A518,世博展览馆,世博展览馆H1,VO_EXHIBITION_HALL_1,VO_EXHIBITOR_BOOTH_LOCATION_1,https://www.worldaic.com.cn/exhibitors,2026-07-18
549,参展企业,5131cd551fb2433ba9e345c9c428ea38,卧龙电气驱动集团股份有限公司,"Wolong Electric Group Co., Ltd",展商,,具身智能,H1-A234,世博展览馆,世博展览馆H1,VO_EXHIBITION_HALL_1,VO_EXHIBITOR_BOOTH_LOCATION_1,https://www.worldaic.com.cn/exhibitors,2026-07-18
550,参展企业,07ff7c9a50c04c24aac6a634a38b575a,原子埃尔信息技术（嘉兴）有限公司,"Yuanzi Aier Information Technology (Jiaxing) Co., Ltd.",展商,,智能终端,X1C-511,西岸国际会展中心,西岸国际会展中心,VO_EXHIBITION_HALL_4,VO_EXHIBITOR_BOOTH_LOCATION_12,https://www.worldaic.com.cn/exhibitors,2026-07-18
551,参展企业,9b4fd8a5dfef41ad92137f3f2f9c9b46,厦门力晟传感科技有限公司,"Xiamen Leedsence Technology Co.,Ltd",展商,,工业互联与智能制造,H1-A121,世博展览馆,世博展览馆H1,VO_EXHIBITION_HALL_1,VO_EXHIBITOR_BOOTH_LOCATION_1,https://www.worldaic.com.cn/exhibitors,2026-07-18
552,参展企业,6883e51b88d54bcc97ebb829e342d16d,厦门新晟芯科技有限公司,"Xiamen Xinshengxin Technology Co., Limited",展商,,批发和零售业,Z1A-103,张江科学会堂,张江科学会堂-海科厅,VO_EXHIBITION_HALL_3,VO_EXHIBITOR_BOOTH_LOCATION_8,https://www.worldaic.com.cn/exhibitors,2026-07-18
553,参展企业,962f62b3147c4e16a8e9e65150a04fad,友川精密技术（东莞）有限公司,"Tomogawa precision technology(Dongguan)Co.,Ltd.",展商,,制造业,H3-A101,世博展览馆,世博展览馆H3,VO_EXHIBITION_HALL_1,VO_EXHIBITOR_BOOTH_LOCATION_3,https://www.worldaic.com.cn/exhibitors,2026-07-18
554,参展企业,bb9db9ab5e584f269196282441ebf8f7,合肥智源律动智能科技有限公司,"Hefei Zhiyuan Ludong Intelligent Technology Co., Ltd.",展商,,智能终端,L034,世博中心,世博中心,VO_EXHIBITION_HALL_2,VO_EXHIBITOR_BOOTH_LOCATION_6,https://www.worldaic.com.cn/exhibitors,2026-07-18
555,参展企业,c79d3191de304a0c8d285a70423f7cd8,同济大学,TONGJI UNIVERSITY,"展商,论坛主办方",,人才与教育,H4-124,世博展览馆,世博展览馆H4,VO_EXHIBITION_HALL_1,VO_EXHIBITOR_BOOTH_LOCATION_11,https://www.worldaic.com.cn/exhibitors,2026-07-18
556,参展企业,c1d4f148a1e14b65acc33c06cecb962f,启智开悟（上海）机器人有限公司,"Openmind (Shanghai) Smart Intelligent Robotics Co.,Ltd",展商,,具身智能,H3-E216,世博展览馆,世博展览馆H3,VO_EXHIBITION_HALL_1,VO_EXHIBITOR_BOOTH_LOCATION_3,https://www.worldaic.com.cn/exhibitors,2026-07-18
557,参展企业,842edaaa6c9f402eb381e9cf8f6bbf67,和利时科技集团有限公司,"HollySys Technology Group Co.,Ltd.",展商,,核心技术,H1-A130,世博展览馆,世博展览馆H1,VO_EXHIBITION_HALL_1,VO_EXHIBITOR_BOOTH_LOCATION_1,https://www.worldaic.com.cn/exhibitors,2026-07-18
558,参展企业,78278836805f4cd4ad0c3fca79b7b64b,哔哩哔哩,bilibili,展商,,其他,H1-B817,世博展览馆,世博展览馆H1,VO_EXHIBITION_HALL_1,VO_EXHIBITOR_BOOTH_LOCATION_1,https://www.worldaic.com.cn/exhibitors,2026-07-18
559,参展企业,78278836805f4cd4ad0c3fca79b7b64b,哔哩哔哩,bilibili,展商,,其他,X1A-505,西岸国际会展中心,西岸国际会展中心,VO_EXHIBITION_HALL_4,VO_EXHIBITOR_BOOTH_LOCATION_12,https://www.worldaic.com.cn/exhibitors,2026-07-18
560,参展企业,a03d5c5c3e7043ffa538ad0a1d7cc0fc,唯亚威通讯技术（北京）有限公司,VIAVI Solutions Inc.,展商,,核心技术,Z1A-415,张江科学会堂,张江科学会堂-海科厅,VO_EXHIBITION_HALL_3,VO_EXHIBITOR_BOOTH_LOCATION_8,https://www.worldaic.com.cn/exhibitors,2026-07-18
561,参展企业,bc129e58cbc94b0fb3deda6ed0a45eb2,喜和香港有限公司,ZIM HONG KONG LTD,展商,,制造业,H1-D917,世博展览馆,世博展览馆H1,VO_EXHIBITION_HALL_1,VO_EXHIBITOR_BOOTH_LOCATION_1,https://www.worldaic.com.cn/exhibitors,2026-07-18
562,参展企业,6decdf080259453784e0c2c3d0c18f17,嘉兴精锋智能技术有限公司,"Jiaxing PS-Micro Intelligent Technology Co., Ltd.",展商,,其他,H4-FT B501,世博展览馆,世博展览馆H4,VO_EXHIBITION_HALL_1,VO_EXHIBITOR_BOOTH_LOCATION_11,https://www.worldaic.com.cn/exhibitors,2026-07-18
563,参展企业,3d57a5b78f4d4e8d9a65ebaec47ca39a,嘉兴超维信息技术有限公司,Super Dimension (Jiaxing) InfoTech Ltd.,展商,,制造业,X1A-901,西岸国际会展中心,西岸国际会展中心,VO_EXHIBITION_HALL_4,VO_EXHIBITOR_BOOTH_LOCATION_12,https://www.worldaic.com.cn/exhibitors,2026-07-18
564,参展企业,3701ae0ab9c9472cb61d3c1846975eda,四川具身人形机器人科技有限公司,"Sichuan Embodied Intelligent Robot Technology Co., Ltd",展商,,具身智能,H4-088,世博展览馆,世博展览馆H4,VO_EXHIBITION_HALL_1,VO_EXHIBITOR_BOOTH_LOCATION_11,https://www.worldaic.com.cn/exhibitors,2026-07-18
565,参展企业,b3149ed28724407e849e8f326b1e4048,四川天链机器人股份有限公司,"Sichuan TLIBOT Co., Ltd.",展商,,具身智能,H3-D327,世博展览馆,世博展览馆H3,VO_EXHIBITION_HALL_1,VO_EXHIBITOR_BOOTH_LOCATION_3,https://www.worldaic.com.cn/exhibitors,2026-07-18
566,参展企业,787f2d027016462daeaeb74b34839dc8,四川语言桥信息技术有限公司,"Sichuan Lan-bridge Information Technology Co., Ltd",展商,,租赁业与商业服务业,H4-069,世博展览馆,世博展览馆H4,VO_EXHIBITION_HALL_1,VO_EXHIBITOR_BOOTH_LOCATION_11,https://www.worldaic.com.cn/exhibitors,2026-07-18
567,参展企业,c69f1ac91f284ecaa262fad4900e6af2,国科华盾（北京）科技有限公司,"Huadun Information Co., Ltd.","展商,论坛主办方",,核心技术,H4-125,世博展览馆,世博展览馆H4,VO_EXHIBITION_HALL_1,VO_EXHIBITOR_BOOTH_LOCATION_11,https://www.worldaic.com.cn/exhibitors,2026-07-18
568,参展企业,c69f1ac91f284ecaa262fad4900e6af2,国科华盾（北京）科技有限公司,"Huadun Information Co., Ltd.","展商,论坛主办方",,核心技术,H4-125,世博展览馆,世博展览馆H4,VO_EXHIBITION_HALL_1,VO_EXHIBITOR_BOOTH_LOCATION_11,https://www.worldaic.com.cn/exhibitors,2026-07-18
569,参展企业,a70d98955d7846ae9fe5a80b15050b6d,图为信息科技（深圳）有限公司,"TWOWIN INFORMATION TECHNOLOGY (SHENZHEN) CO., LTD",展商,,核心技术,L027,世博中心,世博中心,VO_EXHIBITION_HALL_2,VO_EXHIBITOR_BOOTH_LOCATION_6,https://www.worldaic.com.cn/exhibitors,2026-07-18
570,参展企业,110ef690f1a54ec094ad4d2158c8030b,图灵微雀人工智能技术研发(南京)有限公司,"Turing Micro Sparrow Artificial Intelligence Technology Research and Development (Nanjing) Co., Ltd.",展商,,核心技术,Z1A-118,张江科学会堂,张江科学会堂-海科厅,VO_EXHIBITION_HALL_3,VO_EXHIBITOR_BOOTH_LOCATION_8,https://www.worldaic.com.cn/exhibitors,2026-07-18
571,参展企业,fb8a8d9010ab46bc9baeec3b5d997473,圣点世纪科技股份有限公司,"Saint Deem Technology Incorporated Co., Ltd",展商,,智能终端,L010,世博中心,世博中心,VO_EXHIBITION_HALL_2,VO_EXHIBITOR_BOOTH_LOCATION_6,https://www.worldaic.com.cn/exhibitors,2026-07-18
572,参展企业,484811aeae6e48d89e3270540ddfa65d,均胜电子股份有限公司,Ningbo Joyson Electronic Corp.,展商,,具身智能,H3-C624,世博展览馆,世博展览馆H3,VO_EXHIBITION_HALL_1,VO_EXHIBITOR_BOOTH_LOCATION_3,https://www.worldaic.com.cn/exhibitors,2026-07-18
573,参展企业,db741b91d19b4d5ea1ab89b964985ed9,墨现科技（东莞）有限公司,"Matrix Technology （Dongguan）Co.,Ltd.",展商,,具身智能,H3-E508,世博展览馆,世博展览馆H3,VO_EXHIBITION_HALL_1,VO_EXHIBITOR_BOOTH_LOCATION_3,https://www.worldaic.com.cn/exhibitors,2026-07-18
574,参展企业,1f8401bfdf8b41aa998c05e74dc10888,壹沓科技（上海）有限公司,"ONEAIX Technologies (Shanghai) Co., Ltd","展商,论坛主办方",,核心技术,L047,世博中心,世博中心,VO_EXHIBITION_HALL_2,VO_EXHIBITOR_BOOTH_LOCATION_6,https://www.worldaic.com.cn/exhibitors,2026-07-18
575,参展企业,ff5cadbc2cc841858523066fe23163f6,大咖机器人（北京）有限公司,DaxAI Robot,展商,,具身智能,H3-C404,世博展览馆,世博展览馆H3,VO_EXHIBITION_HALL_1,VO_EXHIBITOR_BOOTH_LOCATION_3,https://www.worldaic.com.cn/exhibitors,2026-07-18
576,参展企业,eacf45ff985143d684c440a6b21344f9,大寰机器人科技股份有限公司,"DH-Robotics Technology Co., Ltd.",展商,,具身智能,H3-B112,世博展览馆,世博展览馆H3,VO_EXHIBITION_HALL_1,VO_EXHIBITOR_BOOTH_LOCATION_3,https://www.worldaic.com.cn/exhibitors,2026-07-18
577,参展企业,68f43be9a1e447fe83fb2ba428e2c562,大连博涛文化科技集团股份有限公司,"Dalian Betop Culture and Technology Group Stock Co., Ltd.",展商,,文娱艺术与元宇宙,X1C-901,西岸国际会展中心,西岸国际会展中心,VO_EXHIBITION_HALL_4,VO_EXHIBITOR_BOOTH_LOCATION_12,https://www.worldaic.com.cn/exhibitors,2026-07-18
578,参展企业,68f43be9a1e447fe83fb2ba428e2c562,大连博涛文化科技集团股份有限公司,"Dalian Betop Culture and Technology Group Stock Co., Ltd.",展商,,文娱艺术与元宇宙,H2-E524,世博展览馆,世博展览馆H2,VO_EXHIBITION_HALL_1,VO_EXHIBITOR_BOOTH_LOCATION_2,https://www.worldaic.com.cn/exhibitors,2026-07-18
579,参展企业,ff77ac4038b9451daa53047c9e820fa3,天津智易时代科技发展有限公司,"Tianjin Zwinsoft Technology Co., Ltd ",展商,,具身智能,H1-A303,世博展览馆,世博展览馆H1,VO_EXHIBITION_HALL_1,VO_EXHIBITOR_BOOTH_LOCATION_1,https://www.worldaic.com.cn/exhibitors,2026-07-18
580,参展企业,5a7a564f8aca4bbf8ade04d47ee272cb,奇异摩尔（上海）半导体技术有限公司,"Kiwimoore (Shanghai) Semiconductor Co., Ltd.","展商,论坛主办方",,核心技术,Z1B-515,张江科学会堂,张江科学会堂-海科厅,VO_EXHIBITION_HALL_3,VO_EXHIBITOR_BOOTH_LOCATION_8,https://www.worldaic.com.cn/exhibitors,2026-07-18
581,参展企业,6b4ef1d4890e452f9579eb9477ee673f,奇绩创坛（北京）投资管理有限责任公司,MiraclePlus (Beijing) Investment Management Company Limited,展商,,投资机构,H4-FT B204,世博展览馆,世博展览馆H4,VO_EXHIBITION_HALL_1,VO_EXHIBITOR_BOOTH_LOCATION_11,https://www.worldaic.com.cn/exhibitors,2026-07-18
582,参展企业,d729e583c6c24cfaad61393708e86b90,奕行智能（北京）科技有限公司,"EVAS Intelligence Co., Ltd.",展商,,制造业,Z1B-510,张江科学会堂,张江科学会堂-海科厅,VO_EXHIBITION_HALL_3,VO_EXHIBITOR_BOOTH_LOCATION_8,https://www.worldaic.com.cn/exhibitors,2026-07-18
583,参展企业,5ef6ffe9c928417a8d438114eedb9312,如你所视（北京）科技有限公司,"Realsee (Beijing) Technology Co.,Ltd.",展商,,工业互联与智能制造,H4-037,世博展览馆,世博展览馆H4,VO_EXHIBITION_HALL_1,VO_EXHIBITOR_BOOTH_LOCATION_11,https://www.worldaic.com.cn/exhibitors,2026-07-18
584,参展企业,5c0669b6181a403f9c98b7e02f7b4b0f,威尔创新（天津）科技发展有限公司,"TigerWay Innovation (Tianjin) Technology Development Co., Ltd.",展商,,核心技术,Z2A-307,张江科学会堂,张江科学会堂-张江厅,VO_EXHIBITION_HALL_3,VO_EXHIBITOR_BOOTH_LOCATION_9,https://www.worldaic.com.cn/exhibitors,2026-07-18
585,参展企业,ca5d0b930adf4366866f15b266af9c8f,威胜信息技术股份有限公司,Willfar Information Technology Co. Ltd.,展商,,"核心技术,制造业",H2-E518,世博展览馆,世博展览馆H2,VO_EXHIBITION_HALL_1,VO_EXHIBITOR_BOOTH_LOCATION_2,https://www.worldaic.com.cn/exhibitors,2026-07-18
586,参展企业,618735338ae7452399f466b6c27c7583,宁波中大力德智能传动股份有限公司,"NINGBO ZHONGDA LEADER INTELLIGENT TRANSMISSION CO.,LTD.",展商,,制造业,H3-E401,世博展览馆,世博展览馆H3,VO_EXHIBITION_HALL_1,VO_EXHIBITOR_BOOTH_LOCATION_3,https://www.worldaic.com.cn/exhibitors,2026-07-18
587,参展企业,1c724931ccc04df085268ac0919dc021,宁波博登智能科技有限公司,"Ningbo Boden AI Technology Co.,Ltd.",展商,,其他,H3-A427,世博展览馆,世博展览馆H3,VO_EXHIBITION_HALL_1,VO_EXHIBITOR_BOOTH_LOCATION_3,https://www.worldaic.com.cn/exhibitors,2026-07-18
588,参展企业,0382158062bc413099d886f984ed248d,宁波柯力传感科技股份有限公司,"KeLi sensing technology（Ningbo）co., LTD.",展商,,制造业,H3-A407,世博展览馆,世博展览馆H3,VO_EXHIBITION_HALL_1,VO_EXHIBITOR_BOOTH_LOCATION_3,https://www.worldaic.com.cn/exhibitors,2026-07-18
589,参展企业,a8f80ab6cd14485fa9048c6228f94841,宁波英孚机器人有限公司,NINGBO ENVO ROBOT CO.LTD,展商,,工业互联与智能制造,H3-E507,世博展览馆,世博展览馆H3,VO_EXHIBITION_HALL_1,VO_EXHIBITOR_BOOTH_LOCATION_3,https://www.worldaic.com.cn/exhibitors,2026-07-18
590,参展企业,8912c78aa0fc462b93907f8efacbac3c,宁波马丁具身机器人科技有限公司,"Ningbo Martin Embodied Robotics Technology Co., Ltd.",展商,,具身智能,H3-A312,世博展览馆,世博展览馆H3,VO_EXHIBITION_HALL_1,VO_EXHIBITOR_BOOTH_LOCATION_3,https://www.worldaic.com.cn/exhibitors,2026-07-18
591,参展企业,7ca9e040520540f8b2046e8c98810541,宇树科技股份有限公司,"YuShu Technology Co.,Ltd.",展商,,具身智能,H3-C616,世博展览馆,世博展览馆H3,VO_EXHIBITION_HALL_1,VO_EXHIBITOR_BOOTH_LOCATION_3,https://www.worldaic.com.cn/exhibitors,2026-07-18
592,参展企业,2594bd6ee572421b9b2260b01f2371de,宇泛智能科技股份有限公司,"Universal Ubiquitous AI Co., Ltd.",展商,,具身智能,X1B-706,西岸国际会展中心,西岸国际会展中心,VO_EXHIBITION_HALL_4,VO_EXHIBITOR_BOOTH_LOCATION_12,https://www.worldaic.com.cn/exhibitors,2026-07-18
593,参展企业,c359b3b2fb3f459e9a7bfe6a6cdc7740,安徽中鼎密封件股份有限公司,"Anhui Zhongding Sealing Parts Co., Ltd.",展商,,制造业,H3-A207,世博展览馆,世博展览馆H3,VO_EXHIBITION_HALL_1,VO_EXHIBITOR_BOOTH_LOCATION_3,https://www.worldaic.com.cn/exhibitors,2026-07-18
594,参展企业,f8f1ad6301474351bf1ecdd55737423b,安徽李未可科技有限公司,"An hui Lawaken Technology Co., Ltd.",展商,,智能终端,X1C-505,西岸国际会展中心,西岸国际会展中心,VO_EXHIBITION_HALL_4,VO_EXHIBITOR_BOOTH_LOCATION_12,https://www.worldaic.com.cn/exhibitors,2026-07-18
595,参展企业,f237d87386d24583adc262b8dc512bc8,安徽神玑技术有限公司,"GeniTech Co.,Ltd",展商,,核心技术,Z1B-115,张江科学会堂,张江科学会堂-海科厅,VO_EXHIBITION_HALL_3,VO_EXHIBITOR_BOOTH_LOCATION_8,https://www.worldaic.com.cn/exhibitors,2026-07-18
596,参展企业,5d91199c9d5b44768959f31e6d4ad482,安永（中国）企业咨询有限公司,Ernst & Young (China) Advisory Limited,"展商,论坛主办方",,其他,L073,世博中心,世博中心,VO_EXHIBITION_HALL_2,VO_EXHIBITOR_BOOTH_LOCATION_6,https://www.worldaic.com.cn/exhibitors,2026-07-18
597,参展企业,b9cc5f52e5364de6ac1ab62f0e8e3af9,安谋科技（中国）有限公司,"Arm Technology (China) Co., Ltd.","展商,论坛主办方",,核心技术,H1-C420,世博展览馆,世博展览馆H1,VO_EXHIBITION_HALL_1,VO_EXHIBITOR_BOOTH_LOCATION_1,https://www.worldaic.com.cn/exhibitors,2026-07-18
598,参展企业,0ab1013593fd47fb93033ebd073286c5,安顿健康科技有限公司,"Andun Health Technology Co., Ltd.",展商,,智能终端,X1B-701,西岸国际会展中心,西岸国际会展中心,VO_EXHIBITION_HALL_4,VO_EXHIBITOR_BOOTH_LOCATION_12,https://www.worldaic.com.cn/exhibitors,2026-07-18
599,参展企业,0eb9a263d36740e29c308cfee6ba52a4,宜宾数字经济产业发展集团有限公司,"Yibin Digital Economy Industry Development Group Co., Ltd.",展商,,核心技术,H4-078,世博展览馆,世博展览馆H4,VO_EXHIBITION_HALL_1,VO_EXHIBITOR_BOOTH_LOCATION_11,https://www.worldaic.com.cn/exhibitors,2026-07-18
600,参展企业,f7b792aa5b554776892735eff4558148,宜鼎国际股份有限公司,Innodisk Corporation,展商,,制造业,H1-D715,世博展览馆,世博展览馆H1,VO_EXHIBITION_HALL_1,VO_EXHIBITOR_BOOTH_LOCATION_1,https://www.worldaic.com.cn/exhibitors,2026-07-18
601,参展企业,d2451d0a02d743d5aba76043b27b5c73,宸联科技（上海）有限公司,"Shanghai Neousys Technology Co., Ltd.",展商,,"工业互联与智能制造,制造业,智慧医疗,具身智能,智能终端,智能驾驶,智慧城市,政府/机构,交通运输、仓储和邮政业,城市管理,建筑业,农、林、牧、渔业,采矿业,电力、热力、燃气及水生产和供应业",H4-084,世博展览馆,世博展览馆H4,VO_EXHIBITION_HALL_1,VO_EXHIBITOR_BOOTH_LOCATION_11,https://www.worldaic.com.cn/exhibitors,2026-07-18
602,参展企业,ccbddf80fea040ba8b69ed5386d1cf99,寒序科技（北京）有限公司,"ICY Technology (Beijing) Co., Ltd",展商,,核心技术,Z1A-311,张江科学会堂,张江科学会堂-海科厅,VO_EXHIBITION_HALL_3,VO_EXHIBITOR_BOOTH_LOCATION_8,https://www.worldaic.com.cn/exhibitors,2026-07-18
603,参展企业,006af9f9be7d45a5bd0a79a13fe5038a,山东易算云信息科技有限公司,"Shandong Yeesuan Cloud Information Technology Co., Ltd.",展商,,核心技术,H4-082,世博展览馆,世博展览馆H4,VO_EXHIBITION_HALL_1,VO_EXHIBITOR_BOOTH_LOCATION_11,https://www.worldaic.com.cn/exhibitors,2026-07-18
604,参展企业,25f4c16d58784819af6fbf82e9e6b51c,山东极视角科技股份有限公司,"Shandong Extreme Vision Technology Co., Ltd",展商,,核心技术,H2-E126,世博展览馆,世博展览馆H2,VO_EXHIBITION_HALL_1,VO_EXHIBITOR_BOOTH_LOCATION_2,https://www.worldaic.com.cn/exhibitors,2026-07-18
605,参展企业,799894c5e79444608c06787c6fea3a11,山东飞象信息科技有限公司,"Shandong Feixiang Information Technology Co.,Ltd.",展商,,核心技术,Z2A-603,张江科学会堂,张江科学会堂-张江厅,VO_EXHIBITION_HALL_3,VO_EXHIBITOR_BOOTH_LOCATION_9,https://www.worldaic.com.cn/exhibitors,2026-07-18
606,参展企业,7dc4b2d7bd8340b3872a4117bd4eaeea,巴登-符腾堡州国际合作署,Baden-Württemberg International,展商,,其他,H4-077,世博展览馆,世博展览馆H4,VO_EXHIBITION_HALL_1,VO_EXHIBITOR_BOOTH_LOCATION_11,https://www.worldaic.com.cn/exhibitors,2026-07-18
607,参展企业,9518468ce7f940b69a5fef43a1afad1d,常州坤维传感科技有限公司,"Changzhou Kunwei Sensing Technology Co., Ltd.",展商,,具身智能,H3-A107,世博展览馆,世博展览馆H3,VO_EXHIBITION_HALL_1,VO_EXHIBITOR_BOOTH_LOCATION_3,https://www.worldaic.com.cn/exhibitors,2026-07-18
608,参展企业,b4dbb33c856941c987e57cca726e2e49,常州市艾迈斯电子有限公司,"CHANGZHOU  AMASS  ELECTRONICS CO.,LTD",展商,,制造业,H3-E411,世博展览馆,世博展览馆H3,VO_EXHIBITION_HALL_1,VO_EXHIBITOR_BOOTH_LOCATION_3,https://www.worldaic.com.cn/exhibitors,2026-07-18
609,参展企业,9ca7b23c5c5f4871b9dd8fd582b81f20,常州微亿智造科技股份有限公司,"Changzhou Microintelligence Co., Ltd",展商,,核心技术,H1-A605,世博展览馆,世博展览馆H1,VO_EXHIBITION_HALL_1,VO_EXHIBITOR_BOOTH_LOCATION_1,https://www.worldaic.com.cn/exhibitors,2026-07-18
610,参展企业,2cd76a8b91bc42a3a5a772f74edf8c37,常州祥明智能科技股份有限公司,Changzhou Xiangming Intelligent Drive System Corporation ,展商,,制造业,H1-A1238,世博展览馆,世博展览馆H1,VO_EXHIBITION_HALL_1,VO_EXHIBITOR_BOOTH_LOCATION_1,https://www.worldaic.com.cn/exhibitors,2026-07-18
611,参展企业,8aa59738afd34a64aaa0a75e6dd747c2,广东华沿机器人股份有限公司,"Guangdong Huayan Robotics Co., Ltd",展商,,具身智能,H3-A524,世博展览馆,世博展览馆H3,VO_EXHIBITION_HALL_1,VO_EXHIBITOR_BOOTH_LOCATION_3,https://www.worldaic.com.cn/exhibitors,2026-07-18
612,参展企业,c1198f91709447b0afa14c050119d472,广东天机智能系统有限公司,"GUANGDONG TIANJI INTELLIGENCE SYSTEM CO.,LTD.",展商,,具身智能,H3-C401,世博展览馆,世博展览馆H3,VO_EXHIBITION_HALL_1,VO_EXHIBITOR_BOOTH_LOCATION_3,https://www.worldaic.com.cn/exhibitors,2026-07-18
613,参展企业,c9b9fdf6909d45299ae2278929340903,广东远图未来科技有限公司,"EVEX TECHNOLOGY CO., LTD",展商,,核心技术,Z1C-511,张江科学会堂,张江科学会堂-海科厅,VO_EXHIBITION_HALL_3,VO_EXHIBITOR_BOOTH_LOCATION_8,https://www.worldaic.com.cn/exhibitors,2026-07-18
614,参展企业,a1e9d77be78d458d9dd652d480e5fb87,广域铭岛数字科技有限公司,"GYMD Digital Technology Co., Ltd",展商,,工业互联与智能制造,H1-A315,世博展览馆,世博展览馆H1,VO_EXHIBITION_HALL_1,VO_EXHIBITOR_BOOTH_LOCATION_1,https://www.worldaic.com.cn/exhibitors,2026-07-18
615,参展企业,abb80f6fa468432499f0b5660ea13024,广州优创电子有限公司,"Guangzhou Ultronix Products Co.,Ltd.",展商,,制造业,R018,世博中心,世博中心,VO_EXHIBITION_HALL_2,VO_EXHIBITOR_BOOTH_LOCATION_6,https://www.worldaic.com.cn/exhibitors,2026-07-18
616,参展企业,5454136ac4d64828bc62bca2aa08de3d,广州动易人工智能科技有限公司,PHYBOT,展商,,具身智能,H3-B327,世博展览馆,世博展览馆H3,VO_EXHIBITION_HALL_1,VO_EXHIBITOR_BOOTH_LOCATION_3,https://www.worldaic.com.cn/exhibitors,2026-07-18
617,参展企业,ec9bb6722b3441fbb10a84d442ca397c,广州博大数据科技有限公司,"Guangzhou BodaData Technology Co., Ltd.",展商,,核心技术,Z2B-507,张江科学会堂,张江科学会堂-张江厅,VO_EXHIBITION_HALL_3,VO_EXHIBITOR_BOOTH_LOCATION_9,https://www.worldaic.com.cn/exhibitors,2026-07-18
618,参展企业,0bee5909ea184436943c651f94f036cf,广州向成电子科技有限公司,"ProEmbed Tech Co.,Ltd.",展商,,核心技术,H4-036,世博展览馆,世博展览馆H4,VO_EXHIBITION_HALL_1,VO_EXHIBITOR_BOOTH_LOCATION_11,https://www.worldaic.com.cn/exhibitors,2026-07-18
619,参展企业,abe8ea32fb0a4ccd95fd57a7c3121abb,广州宸境科技有限公司,DeepMirror,展商,,具身智能,H3-A227,世博展览馆,世博展览馆H3,VO_EXHIBITION_HALL_1,VO_EXHIBITOR_BOOTH_LOCATION_3,https://www.worldaic.com.cn/exhibitors,2026-07-18
620,参展企业,15de6981c94541f1951ecd23fef8e567,广州宸祺出行科技有限公司,"Guangzhou Chenqi Mobility Technology Co., Ltd.",展商,,核心技术,H4-006,世博展览馆,世博展览馆H4,VO_EXHIBITION_HALL_1,VO_EXHIBITOR_BOOTH_LOCATION_11,https://www.worldaic.com.cn/exhibitors,2026-07-18
621,参展企业,0d60af167e7a484c87b1ed8441cc01c4,广州广哈通信股份有限公司,"GHT Co.,Ltd.",展商,,其他,H4-108,西岸国际会展中心,西岸国际会展中心,VO_EXHIBITION_HALL_4,VO_EXHIBITOR_BOOTH_LOCATION_12,https://www.worldaic.com.cn/exhibitors,2026-07-18
622,参展企业,38ee712fba224eee8a262cd38f008f6c,广州文远知行科技有限公司,WeRide,展商,,智能驾驶,H2-B125,世博展览馆,世博展览馆H2,VO_EXHIBITION_HALL_1,VO_EXHIBITOR_BOOTH_LOCATION_2,https://www.worldaic.com.cn/exhibitors,2026-07-18
623,参展企业,a22a0a7546ec4dda8ad6f3496b72733e,广州虎牙信息科技有限公司,"Guangzhou Huya Information Technology Co., Ltd.",展商,,文娱艺术与元宇宙,X1A-501-07,西岸国际会展中心,西岸国际会展中心,VO_EXHIBITION_HALL_4,VO_EXHIBITOR_BOOTH_LOCATION_12,https://www.worldaic.com.cn/exhibitors,2026-07-18
624,参展企业,e65d7857b13a4949a7b5b66bc8e6a490,广州趣丸网络科技有限公司,"Guangzhou Quwan Network Technology Co., Ltd.",展商,,核心技术,X1B-704,西岸国际会展中心,西岸国际会展中心,VO_EXHIBITION_HALL_4,VO_EXHIBITOR_BOOTH_LOCATION_12,https://www.worldaic.com.cn/exhibitors,2026-07-18
625,参展企业,37c2a0e146324c08b8d670b16218801c,广州里工实业有限公司,"Li-Gong Industrial Co., Ltd.",展商,,"工业互联与智能制造,制造业,智慧医疗,具身智能,智能终端",H3-A522,世博展览馆,世博展览馆H3,VO_EXHIBITION_HALL_1,VO_EXHIBITOR_BOOTH_LOCATION_3,https://www.worldaic.com.cn/exhibitors,2026-07-18
626,参展企业,c54b7f1403f74f119216f4ed5226dd9a,广州金升阳科技有限公司,MORNSUN Guangzhou Science & Technology Co.﹐ Ltd.,展商,,制造业,Z1C-508,张江科学会堂,张江科学会堂-海科厅,VO_EXHIBITION_HALL_3,VO_EXHIBITOR_BOOTH_LOCATION_8,https://www.worldaic.com.cn/exhibitors,2026-07-18
627,参展企业,2f2b660eca394658a889254bd1d3e6bd,广州高擎动力科技有限公司,"GZ Gaoqing EM TECH Co., Ltd",展商,,具身智能,H3-E512,世博展览馆,世博展览馆H3,VO_EXHIBITION_HALL_1,VO_EXHIBITOR_BOOTH_LOCATION_3,https://www.worldaic.com.cn/exhibitors,2026-07-18
628,参展企业,c4342e4464fd4ca09fc81e03f0bdb0b6,影眸科技（上海）有限公司,Deemos Technology,展商,,核心技术,X1A-304,西岸国际会展中心,西岸国际会展中心,VO_EXHIBITION_HALL_4,VO_EXHIBITOR_BOOTH_LOCATION_12,https://www.worldaic.com.cn/exhibitors,2026-07-18
629,参展企业,baf23e2e14694062ad7293dd856da22f,得瑞领新（重庆）科技有限责任公司,"DERA Co., Ltd",展商,,核心技术,Z2B-607,张江科学会堂,张江科学会堂-张江厅,VO_EXHIBITION_HALL_3,VO_EXHIBITOR_BOOTH_LOCATION_9,https://www.worldaic.com.cn/exhibitors,2026-07-18
630,参展企业,68dffef794e04895a0d271bc4c1c46c5,心眸科技（杭州）有限公司,"Moonix Technology (Hangzhou) Co., Ltd.",展商,,智能终端,X1A-106,西岸国际会展中心,西岸国际会展中心,VO_EXHIBITION_HALL_4,VO_EXHIBITOR_BOOTH_LOCATION_12,https://www.worldaic.com.cn/exhibitors,2026-07-18
631,参展企业,e3044786091d4957899c9a8758005196,思腾合力（天津）科技有限公司,"SITONHOLY(Tianjin) Technology Co., Ltd",展商,,核心技术,Z2A-303,张江科学会堂,张江科学会堂-张江厅,VO_EXHIBITION_HALL_3,VO_EXHIBITOR_BOOTH_LOCATION_9,https://www.worldaic.com.cn/exhibitors,2026-07-18
632,参展企业,c223013e7f0c423ab7334fc9ee5d86ba,恒之未来(重庆)创新科技有限公司,Hengbot,展商,,具身智能,X1C-107,西岸国际会展中心,西岸国际会展中心,VO_EXHIBITION_HALL_4,VO_EXHIBITOR_BOOTH_LOCATION_12,https://www.worldaic.com.cn/exhibitors,2026-07-18
633,参展企业,287a0f5fa9ec48a18be924e1b0d42bee,恒工伟创具身智能科技(上海)有限公司,"Henggong Weichuang Jushen Intelligent Technology (Shanghai) Co., Ltd",展商,,具身智能,H3-E111,世博展览馆,世博展览馆H3,VO_EXHIBITION_HALL_1,VO_EXHIBITOR_BOOTH_LOCATION_3,https://www.worldaic.com.cn/exhibitors,2026-07-18
634,参展企业,c8c1df8a7e8a48d095e625bb181117f0,悍亩尔空间（深圳）科技有限公司,Hammerspace,展商,,核心技术,H1-D719,世博展览馆,世博展览馆H1,VO_EXHIBITION_HALL_1,VO_EXHIBITOR_BOOTH_LOCATION_1,https://www.worldaic.com.cn/exhibitors,2026-07-18
635,参展企业,85c7bf820ceb446a8b9e891c3c9a1cfb,悟通感控（北京）科技有限公司,"Tactus Dynamics (Beijing) Technology Co., Ltd ",展商,,具身智能,H1-A113,世博展览馆,世博展览馆H1,VO_EXHIBITION_HALL_1,VO_EXHIBITOR_BOOTH_LOCATION_1,https://www.worldaic.com.cn/exhibitors,2026-07-18
636,参展企业,772dbfd9b7164ad5a07a5897f79e3ca6,慈溪市凯峰电子有限公司,"Cixi Kaifeng Electronics Co., Ltd",展商,,智能终端,H4-035,世博展览馆,世博展览馆H4,VO_EXHIBITION_HALL_1,VO_EXHIBITOR_BOOTH_LOCATION_11,https://www.worldaic.com.cn/exhibitors,2026-07-18
637,参展企业,5f8394b1f309492bbfb1096043b7b9d2,成都中启易联科技有限公司,"Chengdu Zonekee Easylink technology Co.,Ltd",展商,,其他,L078,世博中心,世博中心,VO_EXHIBITION_HALL_2,VO_EXHIBITOR_BOOTH_LOCATION_6,https://www.worldaic.com.cn/exhibitors,2026-07-18
638,参展企业,357f03db445d4bde94be3d550e3589c4,成都海艺互娱科技有限公司,"Chengdu Haiyi Huyu Technology Co., Ltd.",展商,,核心技术,X1A-501-09,西岸国际会展中心,西岸国际会展中心,VO_EXHIBITION_HALL_4,VO_EXHIBITOR_BOOTH_LOCATION_12,https://www.worldaic.com.cn/exhibitors,2026-07-18
639,参展企业,1ee1fdf253aa423caace6a1d57246124,成都灵动视界科技有限公司,"Chengdu LivelyView Technology Co., Ltd.",展商,,核心技术,H4-013,世博展览馆,世博展览馆H4,VO_EXHIBITION_HALL_1,VO_EXHIBITOR_BOOTH_LOCATION_11,https://www.worldaic.com.cn/exhibitors,2026-07-18
640,参展企业,2e26d04c15ff4e0bbbb22643593a1a70,戴盟（深圳）机器人科技有限公司,"Daimon (Shenzhen) Robotics Technology Co., Ltd. ",展商,,具身智能,H3-B324,世博展览馆,世博展览馆H3,VO_EXHIBITION_HALL_1,VO_EXHIBITOR_BOOTH_LOCATION_3,https://www.worldaic.com.cn/exhibitors,2026-07-18
641,参展企业,92ca46d4ed234d5398f33f9b4c852992,承玥信息科技（上海）有限公司,MemVerge,展商,,其他,H4-097,世博展览馆,世博展览馆H4,VO_EXHIBITION_HALL_1,VO_EXHIBITOR_BOOTH_LOCATION_11,https://www.worldaic.com.cn/exhibitors,2026-07-18
642,参展企业,50e7f8ac70444416841bb1934ed518fb,拓元智慧（深圳）科技有限公司,"Tuoyuan Intelligence (Shenzhen) Technology Co., Ltd.",展商,,核心技术,H3-A307,世博展览馆,世博展览馆H3,VO_EXHIBITION_HALL_1,VO_EXHIBITOR_BOOTH_LOCATION_3,https://www.worldaic.com.cn/exhibitors,2026-07-18
643,参展企业,e031a61b77334fb9a52ffcf845fe23dc,拓尔思信息技术股份有限公司,"TRS Information Technology Co.,Ltd.",展商,,"核心技术,金融科技",R017,世博中心,世博中心,VO_EXHIBITION_HALL_2,VO_EXHIBITOR_BOOTH_LOCATION_6,https://www.worldaic.com.cn/exhibitors,2026-07-18
644,参展企业,dcc0ec6a062b4fab9bf1511ff0644323,数字华夏（深圳）科技有限公司,"DIGIT(SHEN ZHEN) TECHNOLOGY CO.,LTD.",展商,,具身智能,H3-C205,世博展览馆,世博展览馆H3,VO_EXHIBITION_HALL_1,VO_EXHIBITOR_BOOTH_LOCATION_3,https://www.worldaic.com.cn/exhibitors,2026-07-18
645,参展企业,71d42a11400a448289943cdd67089511,数据堂(北京)科技股份有限公司,"DATATANG (BEIJING) TECHNOLOGY CO., LTD.",展商,,核心技术,R031,世博中心,世博中心,VO_EXHIBITION_HALL_2,VO_EXHIBITOR_BOOTH_LOCATION_6,https://www.worldaic.com.cn/exhibitors,2026-07-18
646,参展企业,8dcca8529c2b4120a74cfe19972a2ac3,数科想象科技（上海）有限公司,"Digital Intelligence Technology (Shanghai) Co.,Ltd",展商,,核心技术,H4-133,世博展览馆,世博展览馆H4,VO_EXHIBITION_HALL_1,VO_EXHIBITOR_BOOTH_LOCATION_11,https://www.worldaic.com.cn/exhibitors,2026-07-18
647,参展企业,164cd6c9a90e4c32b98e8ea8d0878863,数翊科技（北京）有限公司,"Shuyi Technology (Beijing) Co., Ltd",展商,,核心技术,H4-121,世博展览馆,世博展览馆H4,VO_EXHIBITION_HALL_1,VO_EXHIBITOR_BOOTH_LOCATION_11,https://www.worldaic.com.cn/exhibitors,2026-07-18
648,参展企业,7af0ffbaaad649a3a97bc5484193b166,方寸跃迁（雄安）科技有限公司,"Fangcun AI Co., Ltd.",展商,,核心技术,H4-021,世博展览馆,世博展览馆H4,VO_EXHIBITION_HALL_1,VO_EXHIBITOR_BOOTH_LOCATION_11,https://www.worldaic.com.cn/exhibitors,2026-07-18
649,参展企业,fcaa0334590e4df893935d4efa147e2a,无锡宏创盛安科技有限公司,"Wuxi High Information Security Technology Co., Ltd.",展商,,核心技术,Z2A-507,张江科学会堂,张江科学会堂-张江厅,VO_EXHIBITION_HALL_3,VO_EXHIBITOR_BOOTH_LOCATION_9,https://www.worldaic.com.cn/exhibitors,2026-07-18
650,参展企业,667526fb19a244ed8ecb92f1c44d1664,无锡巨蟹智能驱动科技有限公司,"Wuxi Crabnova Intelligent Drive Technology Co., Ltd.",展商,,制造业,H3-E503,世博展览馆,世博展览馆H3,VO_EXHIBITION_HALL_1,VO_EXHIBITOR_BOOTH_LOCATION_3,https://www.worldaic.com.cn/exhibitors,2026-07-18
651,参展企业,2e09d51c1b7446b6912502b1a35fa9d7,无锡市仁科机器人科技有限公司,"WuXi Reko Rbotics Technology Co.,Ltd ",展商,,具身智能,H1-A207,世博展览馆,世博展览馆H1,VO_EXHIBITION_HALL_1,VO_EXHIBITOR_BOOTH_LOCATION_1,https://www.worldaic.com.cn/exhibitors,2026-07-18
652,参展企业,e667436abeb8468a86450796e00e9d64,日铁软件（上海）有限公司,"Ns Solutions (Shanghai) Co., Ltd. ",展商,,工业互联与智能制造,H4-071,世博展览馆,世博展览馆H4,VO_EXHIBITION_HALL_1,VO_EXHIBITOR_BOOTH_LOCATION_11,https://www.worldaic.com.cn/exhibitors,2026-07-18
653,参展企业,3e674000fae4481c934795286cc20601,昆山嘉华电子有限公司,"KUNSHAN JIAHUA ELECTRONICS CO., LTD. ",展商,,制造业,H3-E301,世博展览馆,世博展览馆H3,VO_EXHIBITION_HALL_1,VO_EXHIBITOR_BOOTH_LOCATION_3,https://www.worldaic.com.cn/exhibitors,2026-07-18
654,参展企业,9fc869ef72604c5882bd9dd0a58d55f9,易鑫集团,Yixin Group,展商,,金融科技,H1-D801,世博展览馆,世博展览馆H1,VO_EXHIBITION_HALL_1,VO_EXHIBITOR_BOOTH_LOCATION_1,https://www.worldaic.com.cn/exhibitors,2026-07-18
655,参展企业,3304d8da581446fa8789bac1ab8420c9,星云衡律人工智能科技（重庆）有限公司,"Nebulaw AI Technology (Chongqing) Co., Ltd.",展商,,核心技术,H4-018,世博展览馆,世博展览馆H4,VO_EXHIBITION_HALL_1,VO_EXHIBITOR_BOOTH_LOCATION_11,https://www.worldaic.com.cn/exhibitors,2026-07-18
656,参展企业,24f8ed7343524528b581d77270ca909e,星工聚将(苏州)智能科技有限公司,"XGSynBot (Suzhou) Intelligence Technology Co., Ltd.",展商,,工业互联与智能制造,H3-E201,世博展览馆,世博展览馆H3,VO_EXHIBITION_HALL_1,VO_EXHIBITOR_BOOTH_LOCATION_3,https://www.worldaic.com.cn/exhibitors,2026-07-18
657,参展企业,29ef4ebe6bef44deaeabf640c581c5b7,星融元数据技术（苏州）有限公司,"Asterfusion Data Technologies Co.,Ltd.",展商,,核心技术,Z2B-309,张江科学会堂,张江科学会堂-张江厅,VO_EXHIBITION_HALL_3,VO_EXHIBITOR_BOOTH_LOCATION_9,https://www.worldaic.com.cn/exhibitors,2026-07-18
658,参展企业,90dc53cd07eb47409dd36ec7420f584f,是德科技（中国）有限公司,Keysight Technologies,展商,,制造业,H1-C739,世博展览馆,世博展览馆H1,VO_EXHIBITION_HALL_1,VO_EXHIBITOR_BOOTH_LOCATION_1,https://www.worldaic.com.cn/exhibitors,2026-07-18
659,参展企业,f1c3f5c0f0ed4c929a7ab33736036b21,晨昏线（上海）机器人有限公司,"TermiTech(Shanghai) Robotics Co., Ltd.",展商,,具身智能,H3-B212,世博展览馆,世博展览馆H3,VO_EXHIBITION_HALL_1,VO_EXHIBITOR_BOOTH_LOCATION_3,https://www.worldaic.com.cn/exhibitors,2026-07-18
660,参展企业,ba58c9f059b94c719d1c4ee244ca8d50,普元信息技术股份有限公司,"Primeton Information Technologies, Inc.","展商,论坛主办方",,核心技术,L072,世博中心,世博中心,VO_EXHIBITION_HALL_2,VO_EXHIBITOR_BOOTH_LOCATION_6,https://www.worldaic.com.cn/exhibitors,2026-07-18
661,参展企业,a0696867ec9f44be962ccdef2a9d4d37,智元创新（上海）科技股份有限公司,"AGIBOT Innovation (Shangha) Technology Co., Ltd","展商,论坛主办方",,具身智能,H3-C101,世博展览馆,世博展览馆H3,VO_EXHIBITION_HALL_1,VO_EXHIBITOR_BOOTH_LOCATION_3,https://www.worldaic.com.cn/exhibitors,2026-07-18
662,参展企业,a1d0beed003e466989d683b0c615642f,智平方具身科技（深圳）有限公司,"AI Squared Robotics (Shenzhen) Co., Ltd.",展商,,具身智能,H3-A516,世博展览馆,世博展览馆H3,VO_EXHIBITION_HALL_1,VO_EXHIBITOR_BOOTH_LOCATION_3,https://www.worldaic.com.cn/exhibitors,2026-07-18
663,参展企业,f1dc2f518b6344c7af8e078aa40e9939,智慧眼科技股份有限公司,"AthenaEyesCO.,LTD.",展商,,核心技术,H4-009,世博展览馆,世博展览馆H4,VO_EXHIBITION_HALL_1,VO_EXHIBITOR_BOOTH_LOCATION_11,https://www.worldaic.com.cn/exhibitors,2026-07-18
664,参展企业,14dc3519765f4103b210c6c2bfc63801,智澄英达（杭州）科技有限公司,"Zhicheng Yingda (Hangzhou) Technology Co., Ltd.",展商,,具身智能,H3-E222,世博展览馆,世博展览馆H3,VO_EXHIBITION_HALL_1,VO_EXHIBITOR_BOOTH_LOCATION_3,https://www.worldaic.com.cn/exhibitors,2026-07-18
665,参展企业,a601a6729d8940fc9509882836617ea5,智瀚星途(杭州)智能科技有限公司,"Wisexplore Intelligent Technology Co.,LTD.",展商,,具身智能,H4-092,世博展览馆,世博展览馆H4,VO_EXHIBITION_HALL_1,VO_EXHIBITOR_BOOTH_LOCATION_11,https://www.worldaic.com.cn/exhibitors,2026-07-18
666,参展企业,60753b0f2cd2440b9d62d27a9d13936a,智能网（北京）信息技术有限公司,"Intelligence Net(Beijing)lnformation Technology Co.,Ltd. ","展商,论坛主办方",,工业互联与智能制造,H3-A127,世博展览馆,世博展览馆H3,VO_EXHIBITION_HALL_1,VO_EXHIBITOR_BOOTH_LOCATION_3,https://www.worldaic.com.cn/exhibitors,2026-07-18
667,参展企业,48ff48d035eb4907814c56d06131014c,智身新创(苏州)智能科技有限公司,"Zhishen Xinchuang (suzhou) Intelligent Technology Co., Ltd.",展商,,具身智能,H3-D321,世博展览馆,世博展览馆H3,VO_EXHIBITION_HALL_1,VO_EXHIBITOR_BOOTH_LOCATION_3,https://www.worldaic.com.cn/exhibitors,2026-07-18
668,参展企业,4795680265b741ca83c94ff7b393d046,朴赛计算机（上海）有限公司,"Puersai Computer (Shanghai) Co., LTD",展商,,核心技术,Z1A-303,张江科学会堂,张江科学会堂-海科厅,VO_EXHIBITION_HALL_3,VO_EXHIBITOR_BOOTH_LOCATION_8,https://www.worldaic.com.cn/exhibitors,2026-07-18
669,参展企业,270af1746e8c44249e43872c077da6f1,杭州万升航控智能科技有限公司,"Hangzhou Vansing UAV-Application Intelligence Technology Co., Ltd.",展商,,核心技术,H1-A107,世博展览馆,世博展览馆H1,VO_EXHIBITION_HALL_1,VO_EXHIBITOR_BOOTH_LOCATION_1,https://www.worldaic.com.cn/exhibitors,2026-07-18
670,参展企业,25943a1bccd5441c80f32a4a30c3459d,杭州云深处科技股份有限公司,"Hangzhou DEEP Robotics Co., Ltd.",展商,,具身智能,H3-B317,世博展览馆,世博展览馆H3,VO_EXHIBITION_HALL_1,VO_EXHIBITOR_BOOTH_LOCATION_3,https://www.worldaic.com.cn/exhibitors,2026-07-18
671,参展企业,d3de7a2e05a04f58a8011dfdd24e93d5,杭州佳量脑科学股份有限公司,"Hangzhou Genlight Neurotech Co., Ltd. ",展商,,智慧医疗,H4-016,世博展览馆,世博展览馆H4,VO_EXHIBITION_HALL_1,VO_EXHIBITOR_BOOTH_LOCATION_11,https://www.worldaic.com.cn/exhibitors,2026-07-18
672,参展企业,bb7b1cd8abd64b249eb6cc96a2c0c9e4,杭州具微科技有限公司,"Hangzhou Micbot Technology Co., Ltd.",展商,,具身智能,H3-A419,世博展览馆,世博展览馆H3,VO_EXHIBITION_HALL_1,VO_EXHIBITOR_BOOTH_LOCATION_3,https://www.worldaic.com.cn/exhibitors,2026-07-18
673,参展企业,d6606670e68b4d86ac2c90f16be18698,杭州华亭科技有限公司,"Hangzhou Huating Technology Co., Ltd.",展商,,其他,L058,世博中心,世博中心,VO_EXHIBITION_HALL_2,VO_EXHIBITOR_BOOTH_LOCATION_6,https://www.worldaic.com.cn/exhibitors,2026-07-18
674,参展企业,08ea8611256643e6915d326c0e2834ec,杭州博思芯宇科技有限公司,"Hangzhou Bodesi Technology Co., Ltd",展商,,核心技术,Z1B-112,张江科学会堂,张江科学会堂-海科厅,VO_EXHIBITION_HALL_3,VO_EXHIBITOR_BOOTH_LOCATION_8,https://www.worldaic.com.cn/exhibitors,2026-07-18
675,参展企业,f91f8f2ac7b242ae879ea8f36ee7f430,杭州启能机器人有限公司,"Hangzhou Qineng Robotics Co., Ltd.",展商,,具身智能,H3-B227,世博展览馆,世博展览馆H3,VO_EXHIBITION_HALL_1,VO_EXHIBITOR_BOOTH_LOCATION_3,https://www.worldaic.com.cn/exhibitors,2026-07-18
676,参展企业,6c0eb46253d44369b7c8b92b6870231f,杭州哇嘶嗒科技有限公司,"Hangzhou VAST Technology Co., Ltd.",展商,,核心技术,X1C-309,西岸国际会展中心,西岸国际会展中心,VO_EXHIBITION_HALL_4,VO_EXHIBITOR_BOOTH_LOCATION_12,https://www.worldaic.com.cn/exhibitors,2026-07-18
677,参展企业,f55cd2ecb6304ed2996435383ddd2b73,杭州天谷信息科技有限公司,"Hangzhou eSign Information Technology Co., Ltd.",展商,,核心技术,H1-D1210,世博展览馆,世博展览馆H1,VO_EXHIBITION_HALL_1,VO_EXHIBITOR_BOOTH_LOCATION_1,https://www.worldaic.com.cn/exhibitors,2026-07-18
678,参展企业,41d6234646a847f9b181673796142cbc,杭州峦启机器人科技有限公司,"Hangzhou Launchybot Technology Co., Ltd",展商,,工业互联与智能制造,H4-047,世博展览馆,世博展览馆H4,VO_EXHIBITION_HALL_1,VO_EXHIBITOR_BOOTH_LOCATION_11,https://www.worldaic.com.cn/exhibitors,2026-07-18
679,参展企业,f7acf64a53b24967ad6e9afd027d6731,杭州峰瞰智能科技有限公司,"Hangzhou PeakVision AI Co.,Ltd",展商,,核心技术,H4-136,世博展览馆,世博展览馆H4,VO_EXHIBITION_HALL_1,VO_EXHIBITOR_BOOTH_LOCATION_11,https://www.worldaic.com.cn/exhibitors,2026-07-18
680,参展企业,26e0d55c5c2340cb8af94eebe1cdcb2c,杭州当虹科技股份有限公司,"HangZhou Arcvideo Technology Co.,Ltd.",展商,,工业互联与智能制造,H1-D1038,世博展览馆,世博展览馆H1,VO_EXHIBITION_HALL_1,VO_EXHIBITOR_BOOTH_LOCATION_1,https://www.worldaic.com.cn/exhibitors,2026-07-18
681,参展企业,c32ace291db04f07a17c888a99e27d87,杭州微珩科技有限公司,"Hangzhou NanoTrix Technology Co., Ltd",展商,,核心技术,Z1A-116,张江科学会堂,张江科学会堂-海科厅,VO_EXHIBITION_HALL_3,VO_EXHIBITOR_BOOTH_LOCATION_8,https://www.worldaic.com.cn/exhibitors,2026-07-18
682,参展企业,2142ff71d31e4d4e91b5fbe6617eac7c,杭州慧感智能科技有限公司,"Hangzhou Cobotact Technology Co., Ltd.",展商,,工业互联与智能制造, H4-051,世博展览馆,世博展览馆H4,VO_EXHIBITION_HALL_1,VO_EXHIBITOR_BOOTH_LOCATION_11,https://www.worldaic.com.cn/exhibitors,2026-07-18
683,参展企业,e913dab490ff4977bc361436b4713f35,杭州数聚链科技股份有限公司,"Hangzhou Datachain Technology Co.,Ltd.",展商,,核心技术,H1-A118,世博展览馆,世博展览馆H1,VO_EXHIBITION_HALL_1,VO_EXHIBITOR_BOOTH_LOCATION_1,https://www.worldaic.com.cn/exhibitors,2026-07-18
684,参展企业,3a1aae2ea1c640f4bf55f922279798a6,杭州新剑机电传动股份有限公司,"Hangzhou Seenpin Electromechanical Transmission Co., Ltd. ",展商,,具身智能,H1-A301,世博展览馆,世博展览馆H1,VO_EXHIBITION_HALL_1,VO_EXHIBITOR_BOOTH_LOCATION_1,https://www.worldaic.com.cn/exhibitors,2026-07-18
685,参展企业,5d8f7bbea8654f02b97cdda1db8e4cfe,杭州星尘机器人有限公司,"Hangzhou Stardusts-robot Co., Ltd",展商,,具身智能,H3-A110,世博展览馆,世博展览馆H3,VO_EXHIBITION_HALL_1,VO_EXHIBITOR_BOOTH_LOCATION_3,https://www.worldaic.com.cn/exhibitors,2026-07-18
686,参展企业,461a30b979db4979bf12992b464a2e80,杭州曦诺未来科技有限公司,"Hangzhou Xynova Technology Co., Ltd.",展商,,具身智能,H3-C227,世博展览馆,世博展览馆H3,VO_EXHIBITION_HALL_1,VO_EXHIBITOR_BOOTH_LOCATION_3,https://www.worldaic.com.cn/exhibitors,2026-07-18
687,参展企业,1ab94f07162042f4be15a6c2165b520d,杭州海康威视数字技术股份有限公司,"Hangzhou Hikvision Digital Technology Co., Ltd.",展商,,核心技术,H2-E111,世博展览馆,世博展览馆H2,VO_EXHIBITION_HALL_1,VO_EXHIBITOR_BOOTH_LOCATION_2,https://www.worldaic.com.cn/exhibitors,2026-07-18
688,参展企业,70bacfb2e468466abe746c4d8000abba,杭州纽洛斯人工智能有限公司,NuraLogix Corporation,展商,,核心技术,H4-063,世博展览馆,世博展览馆H4,VO_EXHIBITION_HALL_1,VO_EXHIBITOR_BOOTH_LOCATION_11,https://www.worldaic.com.cn/exhibitors,2026-07-18
689,参展企业,65d514cc81fd46f48789e8d243bdbfb6,杭州网易智企科技有限公司,Hangzhou Netease Zhiqi Technology Co Ltd,"展商,论坛主办方",,核心技术,H4-126,世博展览馆,世博展览馆H4,VO_EXHIBITION_HALL_1,VO_EXHIBITOR_BOOTH_LOCATION_11,https://www.worldaic.com.cn/exhibitors,2026-07-18
690,参展企业,207940b33cf0466a8c1858320cd8f8d2,杭州群核信息技术有限公司,Manycore Tech Inc.,展商,,核心技术,H3-B110,世博展览馆,世博展览馆H3,VO_EXHIBITION_HALL_1,VO_EXHIBITOR_BOOTH_LOCATION_3,https://www.worldaic.com.cn/exhibitors,2026-07-18
691,参展企业,3da1db61d834495594e9815880d493f6,杭州联汇科技股份有限公司,"Hangzhou Om AI Technology Co., Ltd","展商,论坛主办方",,核心技术,H1-D133,世博展览馆,世博展览馆H1,VO_EXHIBITION_HALL_1,VO_EXHIBITOR_BOOTH_LOCATION_1,https://www.worldaic.com.cn/exhibitors,2026-07-18
692,参展企业,7f2ab4901b2a48c88ee653d9e81a2879,杭州良质关节科技有限公司,"HANGZHOU LIANGZHI JOINT TECHNOLOGY CO.,LTD",展商,,具身智能,H3-A222,世博展览馆,世博展览馆H3,VO_EXHIBITION_HALL_1,VO_EXHIBITOR_BOOTH_LOCATION_3,https://www.worldaic.com.cn/exhibitors,2026-07-18
693,参展企业,fb1e3f0fcac14ac4891a5a601ba6f869,杭州车凌网络科技有限公司,"Hangzhou Carlinx Multi Tech Co., Ltd.",展商,,核心技术,H4-005,世博展览馆,世博展览馆H4,VO_EXHIBITION_HALL_1,VO_EXHIBITOR_BOOTH_LOCATION_11,https://www.worldaic.com.cn/exhibitors,2026-07-18
694,参展企业,e21bb00f15b24f64a57efb382e70a05d,杭州达呈科技技术有限公司,"Hangzhou Dacheng Technology Co., Ltd",展商,,批发和零售业,X1B-904,西岸国际会展中心,西岸国际会展中心,VO_EXHIBITION_HALL_4,VO_EXHIBITOR_BOOTH_LOCATION_12,https://www.worldaic.com.cn/exhibitors,2026-07-18
695,参展企业,9dacf7999e3845948aa686d645fae1a0,极豪科技（天津）股份有限公司,"JIIOV Technology (Tianjin) Co., Ltd.",展商,,智能终端,X1C-511-06,西岸国际会展中心,西岸国际会展中心,VO_EXHIBITION_HALL_4,VO_EXHIBITOR_BOOTH_LOCATION_12,https://www.worldaic.com.cn/exhibitors,2026-07-18
696,参展企业,84c7d6cf552f46d18baeda17be404914,极顶数创（上海）科技有限公司,"Jiding Shuchuang (Shanghai) Technology Co., Ltd.",展商,,核心技术,X1B-906,西岸国际会展中心,西岸国际会展中心,VO_EXHIBITION_HALL_4,VO_EXHIBITOR_BOOTH_LOCATION_12,https://www.worldaic.com.cn/exhibitors,2026-07-18
697,参展企业,fe3b331c44ca421cb3f1c1a7f62744d4,柏奥尼克机器人（宁波）有限公司,PNDbotics AI CO Ltd.,展商,,具身智能,H3-A527,世博展览馆,世博展览馆H3,VO_EXHIBITION_HALL_1,VO_EXHIBITOR_BOOTH_LOCATION_3,https://www.worldaic.com.cn/exhibitors,2026-07-18
698,参展企业,c1006861ecf044c797522b11c8e465b1,柔触机器人科技有限公司,"Rochu Robotics Technology Co., Ltd.",展商,,具身智能,H4-093,世博展览馆,世博展览馆H4,VO_EXHIBITION_HALL_1,VO_EXHIBITOR_BOOTH_LOCATION_11,https://www.worldaic.com.cn/exhibitors,2026-07-18
699,参展企业,29cf5fd793d14d2e9acae314ea8a082a,标贝（青岛）科技有限公司,DataBaker (Qingdao) Technology Co Ltd.,展商,,核心技术,R007,世博中心,世博中心,VO_EXHIBITION_HALL_2,VO_EXHIBITOR_BOOTH_LOCATION_6,https://www.worldaic.com.cn/exhibitors,2026-07-18
700,参展企业,18ca70537ef2446887318da597811e16,桥介数物（深圳）科技有限公司,"BridgeDP (shenzhen) Technology Co.,Ltd",展商,,具身智能,H4-056,世博展览馆,世博展览馆H4,VO_EXHIBITION_HALL_1,VO_EXHIBITOR_BOOTH_LOCATION_11,https://www.worldaic.com.cn/exhibitors,2026-07-18
701,参展企业,0273017c5ebd4f4baf6051ffe2732b83,梅卡曼德（雄安）机器人科技股份有限公司,"Mech-Mind Robotics Technologies Co., Ltd.",展商,,具身智能,H1-A530,世博展览馆,世博展览馆H1,VO_EXHIBITION_HALL_1,VO_EXHIBITOR_BOOTH_LOCATION_1,https://www.worldaic.com.cn/exhibitors,2026-07-18
702,参展企业,cb931991cba749f3a30cb1944f5deaed,欧必盛信息科技（上海）有限公司,"ORBIS Consulting Shanghai Co., Ltd.",展商,,核心技术,H1-A101,世博展览馆,世博展览馆H1,VO_EXHIBITION_HALL_1,VO_EXHIBITOR_BOOTH_LOCATION_1,https://www.worldaic.com.cn/exhibitors,2026-07-18
703,参展企业,c049e73c7aca479784fcdaf0f9c22533,歐潤創新有限公司,AUREN INNOVATION LIMITED,展商,,智能终端,H4-FT B012,世博展览馆,世博展览馆H4,VO_EXHIBITION_HALL_1,VO_EXHIBITOR_BOOTH_LOCATION_11,https://www.worldaic.com.cn/exhibitors,2026-07-18
704,参展企业,590fd6d6b8f943fa80bed2d4142a44f1,武汉亿思源光电有限公司,WUHAN ESION OPTIC INC .LTD,展商,,核心技术,Z1A-107,张江科学会堂,张江科学会堂-海科厅,VO_EXHIBITION_HALL_3,VO_EXHIBITOR_BOOTH_LOCATION_8,https://www.worldaic.com.cn/exhibitors,2026-07-18
705,参展企业,2fee384a79a1488080d482fde51c19e0,武汉华威科智能技术有限公司,"Wuhan Huaweike Intelligent Technology Co., Ltd.",展商,,具身智能,H3-E511,世博展览馆,世博展览馆H3,VO_EXHIBITION_HALL_1,VO_EXHIBITOR_BOOTH_LOCATION_3,https://www.worldaic.com.cn/exhibitors,2026-07-18
706,参展企业,e447768afc234d3abbadb5de63a20faf,武汉朗毅机器人有限公司,"Wuhan Langyi Robotics Co., Ltd.",展商,,具身智能,H3-E502,世博展览馆,世博展览馆H3,VO_EXHIBITION_HALL_1,VO_EXHIBITOR_BOOTH_LOCATION_3,https://www.worldaic.com.cn/exhibitors,2026-07-18
707,参展企业,2abff49a71044929b88d15c067602492,武汉理工数字传播工程有限公司,Digital Communication Group,"展商,论坛主办方",,核心技术,H1-D525,世博展览馆,世博展览馆H1,VO_EXHIBITION_HALL_1,VO_EXHIBITOR_BOOTH_LOCATION_1,https://www.worldaic.com.cn/exhibitors,2026-07-18
708,参展企业,2f3dafb1eb7f4a83ba67439f0c4246b6,每日互动股份有限公司,"Merit Interactive Co.,Ltd.",展商,,智能终端,L035,世博中心,世博中心,VO_EXHIBITION_HALL_2,VO_EXHIBITOR_BOOTH_LOCATION_6,https://www.worldaic.com.cn/exhibitors,2026-07-18
709,参展企业,54e0f4ad68304975acdff9784570960e,比亚迪汽车销售有限公司,BYD,展商,,制造业,H2-A308,世博展览馆,世博展览馆H2,VO_EXHIBITION_HALL_1,VO_EXHIBITOR_BOOTH_LOCATION_2,https://www.worldaic.com.cn/exhibitors,2026-07-18
710,参展企业,ac86e7f22d3b42b5931d6aa81c15d373,比特智算人工智能科技（深圳）有限公司,"Bit Intelligent Computing AI Technology (Shenzhen) Co., Ltd.",展商,,核心技术,Z1B-518,张江科学会堂,张江科学会堂-海科厅,VO_EXHIBITION_HALL_3,VO_EXHIBITOR_BOOTH_LOCATION_8,https://www.worldaic.com.cn/exhibitors,2026-07-18
711,参展企业,ec35c9a6c93c4d7a86ac39687cce6109,江苏云幕智造科技有限公司,"Jiangsu Yunmu Intelligent Manufacturing Technology Co., Ltd",展商,,具身智能,H3-C622,世博展览馆,世博展览馆H3,VO_EXHIBITION_HALL_1,VO_EXHIBITOR_BOOTH_LOCATION_3,https://www.worldaic.com.cn/exhibitors,2026-07-18
712,参展企业,f6d2cf573e3f47c983162eb3ea072708,江苏南极星新能源技术股份有限公司,"Jiangsu Nanjixing NewEnergy Technology Co., Ltd.",展商,,制造业,H1-A1038,世博展览馆,世博展览馆H1,VO_EXHIBITION_HALL_1,VO_EXHIBITOR_BOOTH_LOCATION_1,https://www.worldaic.com.cn/exhibitors,2026-07-18
713,参展企业,36737fd99add44aa9fb19ccdcc233740,江苏富兴电机技术股份有限公司,"Jiangsu Fulling Motor Technology Co.,Ltd.",展商,,具身智能,H3-E303,世博展览馆,世博展览馆H3,VO_EXHIBITION_HALL_1,VO_EXHIBITOR_BOOTH_LOCATION_3,https://www.worldaic.com.cn/exhibitors,2026-07-18
714,参展企业,c65c719d5f9e4f0297aef1d9d7bce267,江苏微盛网络科技有限公司,"Jiangsu Weshine Network Technology Co., Ltd.",展商,,核心技术,H4-072,世博展览馆,世博展览馆H4,VO_EXHIBITION_HALL_1,VO_EXHIBITOR_BOOTH_LOCATION_11,https://www.worldaic.com.cn/exhibitors,2026-07-18
715,参展企业,54c9e05978444f76929fd07bacca2fa6,江苏睿鸿网络技术股份有限公司,"Jiangsu VeryCloud Network Technology Co., Ltd.",展商,,核心技术,H4-122,世博展览馆,世博展览馆H4,VO_EXHIBITION_HALL_1,VO_EXHIBITOR_BOOTH_LOCATION_11,https://www.worldaic.com.cn/exhibitors,2026-07-18
716,参展企业,338dff95c6224feaa25275a60dcb455f,江苏见山数据科技有限公司,"Jiangsu Jianshan Data Technology Co., Ltd",展商,,金融科技,H1-D1212,世博展览馆,世博展览馆H1,VO_EXHIBITION_HALL_1,VO_EXHIBITOR_BOOTH_LOCATION_1,https://www.worldaic.com.cn/exhibitors,2026-07-18
717,参展企业,6b3ebf21a1294a1792c72a5e3be71384,江苏通付盾科技有限公司,"Jiangsu Tongfudun Technology Co., Ltd.",展商,,金融科技,H4-119,世博展览馆,世博展览馆H4,VO_EXHIBITION_HALL_1,VO_EXHIBITOR_BOOTH_LOCATION_11,https://www.worldaic.com.cn/exhibitors,2026-07-18
718,参展企业,a673e6a04880438fbb75b490d9843ede,沈阳二一三电子科技有限公司,"Shenyang Elysan Electronic Technology Co.,Ltd",展商,,制造业,H1-B339,世博展览馆,世博展览馆H1,VO_EXHIBITION_HALL_1,VO_EXHIBITOR_BOOTH_LOCATION_1,https://www.worldaic.com.cn/exhibitors,2026-07-18
719,参展企业,0daa011c29b44dfc814ec381e5abbe2b,洛阳鸿元轴承科技有限公司,"Luoyang Hongyuan Bearing Technology Co.,LTD.",展商,,具身智能,H3-A216,世博展览馆,世博展览馆H3,VO_EXHIBITION_HALL_1,VO_EXHIBITOR_BOOTH_LOCATION_3,https://www.worldaic.com.cn/exhibitors,2026-07-18
720,参展企业,1fb4df8367014a2184d5d77ef159f2d3,浙江中坚科技股份有限公司,"Zhejiang Zhongjian Technology Co., Ltd.",展商,,具身智能,H3-C125,世博展览馆,世博展览馆H3,VO_EXHIBITION_HALL_1,VO_EXHIBITOR_BOOTH_LOCATION_3,https://www.worldaic.com.cn/exhibitors,2026-07-18
721,参展企业,5c7ff79ecaf6437c96bac7c104e7006e,浙江乌镇街科技有限公司,"Wuzhen Avenue Technology Co.,Ltd.",展商,,其他,H1-D1234,世博展览馆,世博展览馆H1,VO_EXHIBITION_HALL_1,VO_EXHIBITOR_BOOTH_LOCATION_1,https://www.worldaic.com.cn/exhibitors,2026-07-18
722,参展企业,c0f2fd2c913a41dab707611976f70252,浙江力积存储科技股份有限公司,"Zhejiang Zentel Memory Technology Co., Ltd.",展商,,制造业,Z1A-114,张江科学会堂,张江科学会堂-海科厅,VO_EXHIBITION_HALL_3,VO_EXHIBITOR_BOOTH_LOCATION_8,https://www.worldaic.com.cn/exhibitors,2026-07-18
723,参展企业,5f856d35e85b4080b6054e96d3345dd6,浙江强脑科技有限公司,"Zhejiang Qiangnao Technology Co., Ltd.",展商,,"核心技术,智慧医疗,具身智能,智能终端",H3-B104,世博展览馆,世博展览馆H3,VO_EXHIBITION_HALL_1,VO_EXHIBITOR_BOOTH_LOCATION_3,https://www.worldaic.com.cn/exhibitors,2026-07-18
724,参展企业,b79267fff268404d9bfb6766acd8fa18,浙江捷昌线性驱动科技股份有限公司,Zhejiang Jiecang Linear Motion Technology Co. LTD,展商,,制造业,H4-043,世博展览馆,世博展览馆H4,VO_EXHIBITION_HALL_1,VO_EXHIBITOR_BOOTH_LOCATION_11,https://www.worldaic.com.cn/exhibitors,2026-07-18
725,参展企业,0155db3036d248bbb6cc82de0316c682,浙江曦望智能科技股份有限公司,Sunrise,展商,,核心技术,Z1A-613,张江科学会堂,张江科学会堂-海科厅,VO_EXHIBITION_HALL_3,VO_EXHIBITOR_BOOTH_LOCATION_8,https://www.worldaic.com.cn/exhibitors,2026-07-18
726,参展企业,2ea7cd634f704ca28988ea8fbbbdb259,浙江海亮科技有限公司,Hailiang Technology Group,展商,,人才与教育,H2-E510,世博展览馆,世博展览馆H2,VO_EXHIBITION_HALL_1,VO_EXHIBITOR_BOOTH_LOCATION_2,https://www.worldaic.com.cn/exhibitors,2026-07-18
727,参展企业,402533fb039b4ccf8649374c7eea1484,浙江淘肯人工智能科技有限公司,"ZHEJIANG TAOKEN ARTIFICIAL INTELLIGENCE TECHNOLOGY CO., LTD.",展商,,智慧城市,H2-E810,世博展览馆,世博展览馆H2,VO_EXHIBITION_HALL_1,VO_EXHIBITOR_BOOTH_LOCATION_2,https://www.worldaic.com.cn/exhibitors,2026-07-18
728,参展企业,187ec7a4b0034c698b669431b8a97f4c,浙江灵巧智能科技有限公司,"Zhejiang DexRobot Technology Co., Ltd.",展商,,其他,H3-A519,世博展览馆,世博展览馆H3,VO_EXHIBITION_HALL_1,VO_EXHIBITOR_BOOTH_LOCATION_3,https://www.worldaic.com.cn/exhibitors,2026-07-18
729,参展企业,27da08aaadfe446c866ae18419fa2366,浙江百润轴承有限公司,"ZheJiang  BRB  Bearing Co.,Ltd",展商,,制造业,H3-A219,世博展览馆,世博展览馆H3,VO_EXHIBITION_HALL_1,VO_EXHIBITOR_BOOTH_LOCATION_3,https://www.worldaic.com.cn/exhibitors,2026-07-18
730,参展企业,96642af32fc440d2989ecd6de35f25fd,浙江艾图具身智能科技有限公司,"Zhejiang Aitu Embodied Intelligence Technology Co., Ltd.",展商,,具身智能,H3-A322,世博展览馆,世博展览馆H3,VO_EXHIBITION_HALL_1,VO_EXHIBITOR_BOOTH_LOCATION_3,https://www.worldaic.com.cn/exhibitors,2026-07-18
731,参展企业,a76b92d663af450399bd288e130edd20,浙江芯寒智能科技有限公司,"SynthCool Technology Co., Ltd.",展商,,工业互联与智能制造,Z2A-201,张江科学会堂,张江科学会堂-张江厅,VO_EXHIBITION_HALL_3,VO_EXHIBITOR_BOOTH_LOCATION_9,https://www.worldaic.com.cn/exhibitors,2026-07-18
732,参展企业,c43aaeb6475e4e99b632eabeb02d42bb,浙江迦智科技股份有限公司,"Zhejiang IPLUSMOBOT Technology Co., Ltd.",展商,,具身智能,H3-C321,世博展览馆,世博展览馆H3,VO_EXHIBITION_HALL_1,VO_EXHIBITOR_BOOTH_LOCATION_3,https://www.worldaic.com.cn/exhibitors,2026-07-18
733,参展企业,c1a7963c7f434b01b50d2d8f07f325af,浙江钛芯智冷科技有限公司,"Tyson Cooling Co., Ltd.",展商,,核心技术,Z2B-403,张江科学会堂,张江科学会堂-张江厅,VO_EXHIBITION_HALL_3,VO_EXHIBITOR_BOOTH_LOCATION_9,https://www.worldaic.com.cn/exhibitors,2026-07-18
734,参展企业,5f9fca9216324c96bfbe9b54cd422ecf,海克斯康制造智能技术（青岛）有限公司,"Hexagon Manufacturing Intelligence (Qingdao) Co., Ltd",展商,,制造业,H1-A521,世博展览馆,世博展览馆H1,VO_EXHIBITION_HALL_1,VO_EXHIBITOR_BOOTH_LOCATION_1,https://www.worldaic.com.cn/exhibitors,2026-07-18
735,参展企业,f5abbe3fa7694339b34044f6bbe280e6,海南思维造物信息科技有限公司,"Hainan Thinking Creation Information Technology Co., Ltd.",展商,,人才与教育,2F-02,世博展览馆,世博展览馆中厅,VO_EXHIBITION_HALL_1,VO_EXHIBITOR_BOOTH_LOCATION_4,https://www.worldaic.com.cn/exhibitors,2026-07-18
736,参展企业,31cf55732c1e47cb914e412af89c80e5,海峡经济科技合作中心,Center for Cross-Straits Economic and Technology  Cooperation,"展商,论坛主办方",,政府/机构,H1-D109,世博展览馆,世博展览馆H1,VO_EXHIBITION_HALL_1,VO_EXHIBITOR_BOOTH_LOCATION_1,https://www.worldaic.com.cn/exhibitors,2026-07-18
737,参展企业,94076cecd4194d63987fd03151c5b870,深信服科技股份有限公司,Sangfor Technologies Inc,展商,,核心技术,H1-B630,世博展览馆,世博展览馆H1,VO_EXHIBITION_HALL_1,VO_EXHIBITOR_BOOTH_LOCATION_1,https://www.worldaic.com.cn/exhibitors,2026-07-18
738,参展企业,6128844a3cf54fad8c98d706524f6435,深圳一目科技有限公司,"Yimu Intelligence Co., Ltd.",展商,,具身智能,H3-E316,世博展览馆,世博展览馆H3,VO_EXHIBITION_HALL_1,VO_EXHIBITOR_BOOTH_LOCATION_3,https://www.worldaic.com.cn/exhibitors,2026-07-18
739,参展企业,65ade778c7de49f282046877433828ff,深圳优艾智合机器人科技有限公司,"Shenzhen Youibot Robotics Co., Ltd.",展商,,具身智能,H3-D316,世博展览馆,世博展览馆H3,VO_EXHIBITION_HALL_1,VO_EXHIBITOR_BOOTH_LOCATION_3,https://www.worldaic.com.cn/exhibitors,2026-07-18
740,参展企业,c09ac08ccf354716b501500057bb0e6b,深圳嘉华众力科技有限公司,"Shenzhen Jiahua Zhongli Technology Co., LTD.","展商,论坛主办方",,核心技术,H4-137,世博展览馆,世博展览馆H4,VO_EXHIBITION_HALL_1,VO_EXHIBITOR_BOOTH_LOCATION_11,https://www.worldaic.com.cn/exhibitors,2026-07-18
741,参展企业,b8a6d212b23e4d7b866eafbee4815701,深圳大普微电子股份有限公司, DapuStor Corporation,展商,,核心技术,H1-D137,世博展览馆,世博展览馆H1,VO_EXHIBITION_HALL_1,VO_EXHIBITOR_BOOTH_LOCATION_1,https://www.worldaic.com.cn/exhibitors,2026-07-18
742,参展企业,b7a5ffa35a794745ab071767c950b5c7,深圳小象电动科技有限公司,"Shenzhen Smart Elephant Electric Technology Co.,LTD",展商,,具身智能,H3-E418,世博展览馆,世博展览馆H3,VO_EXHIBITION_HALL_1,VO_EXHIBITOR_BOOTH_LOCATION_3,https://www.worldaic.com.cn/exhibitors,2026-07-18
743,参展企业,ce7ff5ffd34e437284a4af146e2a8b5b,深圳市丰润达科技有限公司,"Shenzhen Fengrunda Technology Co.,Ltd",展商,,核心技术,Z2A-407,张江科学会堂,张江科学会堂-张江厅,VO_EXHIBITION_HALL_3,VO_EXHIBITOR_BOOTH_LOCATION_9,https://www.worldaic.com.cn/exhibitors,2026-07-18
744,参展企业,69e3f3436d4847ba93f8eb71ce5d5dc2,深圳市亿晟科技有限公司,"Shenzhen Yisheng Technology Co., Ltd",展商,,核心技术,H1-A738,世博展览馆,世博展览馆H1,VO_EXHIBITION_HALL_1,VO_EXHIBITOR_BOOTH_LOCATION_1,https://www.worldaic.com.cn/exhibitors,2026-07-18
745,参展企业,7e206a6c038f4d24a7bef132d9315fec,深圳市亿道数码技术有限公司,"Emdoor Digital Technology Co.,Ltd.",展商,,智能终端,X1B-804,西岸国际会展中心,西岸国际会展中心,VO_EXHIBITION_HALL_4,VO_EXHIBITOR_BOOTH_LOCATION_12,https://www.worldaic.com.cn/exhibitors,2026-07-18
746,参展企业,744985d4a75c4312880d96d21838dc51,深圳市伊登软件有限公司,Eden Information Service Limited.,展商,,核心技术,H4-066,世博展览馆,世博展览馆H4,VO_EXHIBITION_HALL_1,VO_EXHIBITOR_BOOTH_LOCATION_11,https://www.worldaic.com.cn/exhibitors,2026-07-18
747,参展企业,15bad8c46d0643d4a4880406ccc335d1,深圳市伟达立创新科技有限公司,"Shenzhen Wedali Innovation Technology Co., Ltd.",展商,,具身智能,H3-E206,世博展览馆,世博展览馆H3,VO_EXHIBITION_HALL_1,VO_EXHIBITOR_BOOTH_LOCATION_3,https://www.worldaic.com.cn/exhibitors,2026-07-18
748,参展企业,cc8e670183564775a76e198d89f825ce,深圳市力准传感技术股份有限公司,"ShenZhen Ligent Sensor TechCo,Ltd",展商,,制造业,H3-E501,世博展览馆,世博展览馆H3,VO_EXHIBITION_HALL_1,VO_EXHIBITOR_BOOTH_LOCATION_3,https://www.worldaic.com.cn/exhibitors,2026-07-18
749,参展企业,179fd1e1bd0846a0b10988d08ed9535f,深圳市博思云为科技有限公司,Shenzhen Bosicloud Tech Co.，Ltd,展商,,核心技术,H4-118,世博展览馆,世博展览馆H4,VO_EXHIBITION_HALL_1,VO_EXHIBITOR_BOOTH_LOCATION_11,https://www.worldaic.com.cn/exhibitors,2026-07-18
750,参展企业,cd3520a415624c15946cc7560a51034f,深圳市同川科技有限公司,"Shenzhen Tongchuan Technology Co., Ltd.",展商,,具身智能,H3-E506,世博展览馆,世博展览馆H3,VO_EXHIBITION_HALL_1,VO_EXHIBITOR_BOOTH_LOCATION_3,https://www.worldaic.com.cn/exhibitors,2026-07-18
751,参展企业,d16a6eb5de7840e7911d6fe52dcb79a6,深圳市同泰怡信息技术有限公司,"Shenzhen Tongtaiyi Information Technology Co., Ltd.",展商,,制造业,Z2A-209,张江科学会堂,张江科学会堂-张江厅,VO_EXHIBITION_HALL_3,VO_EXHIBITOR_BOOTH_LOCATION_9,https://www.worldaic.com.cn/exhibitors,2026-07-18
752,参展企业,294921c51b564878a7ed97b718e02b86,深圳市和讯华谷信息技术有限公司,"Shenzhen Hexun Huagu Information Technology Co., Ltd.",展商,,核心技术,H1-A203,世博展览馆,世博展览馆H1,VO_EXHIBITION_HALL_1,VO_EXHIBITOR_BOOTH_LOCATION_1,https://www.worldaic.com.cn/exhibitors,2026-07-18
753,参展企业,2eb74e596a104348b06e3d2f817f6681,深圳市四通科技控股有限公司,"Shenzhen Stone Technology Holdings Co., Ltd.",展商,,核心技术,Z2A-301,张江科学会堂,张江科学会堂-张江厅,VO_EXHIBITION_HALL_3,VO_EXHIBITOR_BOOTH_LOCATION_9,https://www.worldaic.com.cn/exhibitors,2026-07-18
754,参展企业,c2ec4cc6af484f279384d22264b233cd,深圳市国盛动力科技有限公司,"Shenzhen Gostems Dynamics Technology Co.,Ltd",展商,,具身智能,H3-A210,世博展览馆,世博展览馆H3,VO_EXHIBITION_HALL_1,VO_EXHIBITOR_BOOTH_LOCATION_3,https://www.worldaic.com.cn/exhibitors,2026-07-18
755,参展企业,67ac4e6b2d174c04b19b6d96a46a1045,深圳市国鑫数智科技股份有限公司,"Shenzhen Gooxi Digital Intelligence Technology Co., Ltd.",展商,,制造业,Z2A-203,张江科学会堂,张江科学会堂-张江厅,VO_EXHIBITION_HALL_3,VO_EXHIBITOR_BOOTH_LOCATION_9,https://www.worldaic.com.cn/exhibitors,2026-07-18
756,参展企业,7b60684cb3ea4b43a949a0530877fe81,深圳市广和通无线股份有限公司, Fibocom Wireless Inc.,展商,,"具身智能,智能终端",H3-C408,世博展览馆,世博展览馆H3,VO_EXHIBITION_HALL_1,VO_EXHIBITOR_BOOTH_LOCATION_3,https://www.worldaic.com.cn/exhibitors,2026-07-18
757,参展企业,533694630ffd46cb8ddb81e5471befb3,深圳市形意智能科技有限公司,"Shenzhen Xingyi Intelligent Technology Co., Ltd.",展商,,智能终端,X1B-709,西岸国际会展中心,西岸国际会展中心,VO_EXHIBITION_HALL_4,VO_EXHIBITOR_BOOTH_LOCATION_12,https://www.worldaic.com.cn/exhibitors,2026-07-18
758,参展企业,6041ab492c454e429ca0b43445920668,深圳市微光电子科技有限公司,"MICROLUMIN Technology Co.,Ltd.",展商,,智能终端,X1B-809,西岸国际会展中心,西岸国际会展中心,VO_EXHIBITION_HALL_4,VO_EXHIBITOR_BOOTH_LOCATION_12,https://www.worldaic.com.cn/exhibitors,2026-07-18
759,参展企业,00daeaf143bb410795f22daa68dc584a,深圳市德晟达电子科技有限公司,"Shenzhen Decenta Technology Co., LTD",展商,,核心技术,H1-D717,世博展览馆,世博展览馆H1,VO_EXHIBITION_HALL_1,VO_EXHIBITOR_BOOTH_LOCATION_1,https://www.worldaic.com.cn/exhibitors,2026-07-18
760,参展企业,f8fe519a340843eab7c56608cd5fa6a2,深圳市捷易科技有限公司,"Shenzhen Jieyi technology Co., LTD.",展商,,核心技术,Z1A-418,张江科学会堂,张江科学会堂-海科厅,VO_EXHIBITION_HALL_3,VO_EXHIBITOR_BOOTH_LOCATION_8,https://www.worldaic.com.cn/exhibitors,2026-07-18
761,参展企业,735835c820ca479fb1ca40713274edd0,深圳市昂科技术有限公司,"Acroview Technology Co., Ltd.",展商,,制造业,Z1C-801,张江科学会堂,张江科学会堂-海科厅,VO_EXHIBITION_HALL_3,VO_EXHIBITOR_BOOTH_LOCATION_8,https://www.worldaic.com.cn/exhibitors,2026-07-18
762,参展企业,b26ff05b93394486840986425f5d1375,深圳市明心数智科技有限公司,"Shenzhen Mingxin Digital Intelligence Technology Co., Ltd.",展商,,核心技术,H1-D810,世博展览馆,世博展览馆H1,VO_EXHIBITION_HALL_1,VO_EXHIBITOR_BOOTH_LOCATION_1,https://www.worldaic.com.cn/exhibitors,2026-07-18
763,参展企业,f8b166b7554349fca0c065833f0665b6,深圳市普渡科技股份有限公司,"SHENZHEN PUDU TECHNOLOGY CO., LTD.",展商,,具身智能,H3-E122,世博展览馆,世博展览馆H3,VO_EXHIBITION_HALL_1,VO_EXHIBITOR_BOOTH_LOCATION_3,https://www.worldaic.com.cn/exhibitors,2026-07-18
764,参展企业,f44ec06318ad4700b628fd8f7911bc5e,深圳市智微智能科技股份有限公司,"JWIPC Technology Co., Ltd. ",展商,,制造业,Z2B-307,张江科学会堂,张江科学会堂-张江厅,VO_EXHIBITION_HALL_3,VO_EXHIBITOR_BOOTH_LOCATION_9,https://www.worldaic.com.cn/exhibitors,2026-07-18
765,参展企业,4115d0af71194047b18063974d1db611,深圳市盛维智链科技有限公司,"Shenzhen Shenvin Zlink Technology Co., Ltd",展商,,其他,Z2A-101,张江科学会堂,张江科学会堂-张江厅,VO_EXHIBITION_HALL_3,VO_EXHIBITOR_BOOTH_LOCATION_9,https://www.worldaic.com.cn/exhibitors,2026-07-18
766,参展企业,87df5bab9b8a45dabed1a14130141809,深圳市睿研智能控制有限公司,"Shenzhen RUI Intelligent Control Co.,Ltd",展商,,具身智能,H3-D127,世博展览馆,世博展览馆H3,VO_EXHIBITION_HALL_1,VO_EXHIBITOR_BOOTH_LOCATION_3,https://www.worldaic.com.cn/exhibitors,2026-07-18
767,参展企业,adf8f19c89ac4f22aa2dd034a10ad279,深圳市科盟创新机器人科技有限公司,"Shenzhen Komo Innovation Robotics Technology Co.,Ltd.",展商,,具身智能,H3-E211,世博展览馆,世博展览馆H3,VO_EXHIBITION_HALL_1,VO_EXHIBITOR_BOOTH_LOCATION_3,https://www.worldaic.com.cn/exhibitors,2026-07-18
768,参展企业,faa4a055ab5a48b9b18c3219dcce4f66,深圳市联瑞电子有限公司,"Linkreal Co.,Ltd",展商,,工业互联与智能制造,Z2A-601,张江科学会堂,张江科学会堂-张江厅,VO_EXHIBITION_HALL_3,VO_EXHIBITOR_BOOTH_LOCATION_9,https://www.worldaic.com.cn/exhibitors,2026-07-18
769,参展企业,4aebdf32f69343549dc348ec5b956a10,深圳市腾云智连科技有限公司,"Nanning Tengyun Intelligent Computing Technology Co., Ltd.",展商,,其他,H4-111,世博展览馆,世博展览馆H4,VO_EXHIBITION_HALL_1,VO_EXHIBITOR_BOOTH_LOCATION_11,https://www.worldaic.com.cn/exhibitors,2026-07-18
770,参展企业,0f269b3c5b15444c81367395e469d1ff,深圳市诺仕机器人有限公司,"Shenzhen Nous Robot Co.,LTD",展商,,具身智能,H3-A212,世博展览馆,世博展览馆H3,VO_EXHIBITION_HALL_1,VO_EXHIBITOR_BOOTH_LOCATION_3,https://www.worldaic.com.cn/exhibitors,2026-07-18
771,参展企业,6416e0d702a34e40babb4e493fe39d56,深圳市赛蓝科技有限公司,"Shenzhen Cylan Technology Co., Ltd",展商,,智能终端,X1B-905,西岸国际会展中心,西岸国际会展中心,VO_EXHIBITION_HALL_4,VO_EXHIBITOR_BOOTH_LOCATION_12,https://www.worldaic.com.cn/exhibitors,2026-07-18
772,参展企业,96a4f5a637b84b4f9945d02a8401c783,深圳市迪博技术有限公司,"Shenzhen DIB Technology Co., Ltd.",展商,,核心技术,H4-049,世博展览馆,世博展览馆H4,VO_EXHIBITION_HALL_1,VO_EXHIBITOR_BOOTH_LOCATION_11,https://www.worldaic.com.cn/exhibitors,2026-07-18
773,参展企业,7eed3d60db9a43268c538b00d6d32d0b,深圳市速腾聚创科技有限公司,"RoboSense / Suteng Innovation Technology Co., Ltd.",展商,,具身智能,H3-E208,世博展览馆,世博展览馆H3,VO_EXHIBITION_HALL_1,VO_EXHIBITOR_BOOTH_LOCATION_3,https://www.worldaic.com.cn/exhibitors,2026-07-18
774,参展企业,59d5cc84411447e19d1068e55469bf1d,深圳市鑫精诚传感技术有限公司,"Shenzhen XJCSENSOR Technology Co., Ltd",展商,,工业互联与智能制造,H3-E412,世博展览馆,世博展览馆H3,VO_EXHIBITION_HALL_1,VO_EXHIBITOR_BOOTH_LOCATION_3,https://www.worldaic.com.cn/exhibitors,2026-07-18
775,参展企业,01a0440a45a84f968e77b0d9540866d0,深圳市集和诚科技开发有限公司,"Shenzhen JHC Technology Development Co., Ltd ",展商,,工业互联与智能制造,H1-A538,世博展览馆,世博展览馆H1,VO_EXHIBITION_HALL_1,VO_EXHIBITOR_BOOTH_LOCATION_1,https://www.worldaic.com.cn/exhibitors,2026-07-18
776,参展企业,38e14094d6414cb3bbf6fe214b9df999,深圳市雷赛智能控制股份有限公司,"China Leadshine Technology Co., Ltd",展商,,制造业,H1-A534,世博展览馆,世博展览馆H1,VO_EXHIBITION_HALL_1,VO_EXHIBITOR_BOOTH_LOCATION_1,https://www.worldaic.com.cn/exhibitors,2026-07-18
777,参展企业,2235435c3f1c41dcaad5fb386365b3c6,深圳市领德创科技有限公司,"ShenZhen LingDeChuang Technology Co., Ltd.",展商,,制造业,Z1A-306,张江科学会堂,张江科学会堂-海科厅,VO_EXHIBITION_HALL_3,VO_EXHIBITOR_BOOTH_LOCATION_8,https://www.worldaic.com.cn/exhibitors,2026-07-18
778,参展企业,378cacd4fecf4d0b9620277d189133f4,深圳市飞宇光纤股份有限公司,"Flyin Group Co.,Ltd",展商,,制造业,H4-055,世博展览馆,世博展览馆H4,VO_EXHIBITION_HALL_1,VO_EXHIBITOR_BOOTH_LOCATION_11,https://www.worldaic.com.cn/exhibitors,2026-07-18
779,参展企业,f13d5eca9dd348afa530d3b780d3400f,深圳市鼎算智能科技有限公司,"Shenzhen Dingsuan Intelligent Technology Co., Ltd.",展商,,批发和零售业,Z2A-403,张江科学会堂,张江科学会堂-张江厅,VO_EXHIBITION_HALL_3,VO_EXHIBITOR_BOOTH_LOCATION_9,https://www.worldaic.com.cn/exhibitors,2026-07-18
780,参展企业,d0501ea4263747b294a1b65a490513db,深圳希施玛数据科技有限公司,"Shenzhen CSMAR Data Technology Co., Ltd",展商,,核心技术,H1-D1301,世博展览馆,世博展览馆H1,VO_EXHIBITION_HALL_1,VO_EXHIBITOR_BOOTH_LOCATION_1,https://www.worldaic.com.cn/exhibitors,2026-07-18
781,参展企业,efe515a33f7946adac73e881d00b8067,深圳开创力人工智能科技有限公司,"Shenzhen KCL Artificial Intelligence Technology Co., Ltd.",展商,,核心技术,H4-020,世博展览馆,世博展览馆H4,VO_EXHIBITION_HALL_1,VO_EXHIBITOR_BOOTH_LOCATION_11,https://www.worldaic.com.cn/exhibitors,2026-07-18
782,参展企业,e629eb39f4a44804beed5c45cbe81333,深圳悟时创新科技有限公司,"Shenzhen Woosh Innovation Technology Co., Ltd.",展商,,具身智能,H3-E327,世博展览馆,世博展览馆H3,VO_EXHIBITION_HALL_1,VO_EXHIBITOR_BOOTH_LOCATION_3,https://www.worldaic.com.cn/exhibitors,2026-07-18
783,参展企业,3d5633d1d20d4f408cf59b9e8d95a4dc,深圳拓普龙科技有限公司,"SHENZHEN TOPLOONG TECHNOLOGY CO.,LTD",展商,,制造业,Z2B-603,张江科学会堂,张江科学会堂-张江厅,VO_EXHIBITION_HALL_3,VO_EXHIBITOR_BOOTH_LOCATION_9,https://www.worldaic.com.cn/exhibitors,2026-07-18
784,参展企业,f5848fbc6a8d4f31a4f59cfa5c62a929,深圳无芯科技有限公司,"MIND WITH HEART ROBOTICS CO., LTD.",展商,,具身智能,H3-A104,世博展览馆,世博展览馆H3,VO_EXHIBITION_HALL_1,VO_EXHIBITOR_BOOTH_LOCATION_3,https://www.worldaic.com.cn/exhibitors,2026-07-18
785,参展企业,04417361d5b941bc8a8f8b296e74f2a2,深圳星际光年科技有限公司,"Shenzhen Stellar Robot Technology Co., Limited",展商,,具身智能,H3-A223,世博展览馆,世博展览馆H3,VO_EXHIBITION_HALL_1,VO_EXHIBITOR_BOOTH_LOCATION_3,https://www.worldaic.com.cn/exhibitors,2026-07-18
786,参展企业,a2693a2b6f964bb9a83fc563bb7233e0,深圳森云智能科技有限公司,"SZ SENSING TECH CO., LTD.",展商,,"核心技术,具身智能",H3-A118,世博展览馆,世博展览馆H3,VO_EXHIBITION_HALL_1,VO_EXHIBITOR_BOOTH_LOCATION_3,https://www.worldaic.com.cn/exhibitors,2026-07-18
787,参展企业,9880370dbd2e454cb9c5e0f2fd928b80,深圳璇玑动力科技有限公司,"Shenzhen Astrall Dynamics Technology Co.,Ltd",展商,,工业互联与智能制造,H4-041,世博展览馆,世博展览馆H4,VO_EXHIBITION_HALL_1,VO_EXHIBITOR_BOOTH_LOCATION_11,https://www.worldaic.com.cn/exhibitors,2026-07-18
788,参展企业,3b2510279b4346b690fe588017d4d7cf,深圳百道数据服务有限公司,Shenzhen Baidaodata Technology Limited,展商,,工业互联与智能制造,H1-D919,世博展览馆,世博展览馆H1,VO_EXHIBITION_HALL_1,VO_EXHIBITOR_BOOTH_LOCATION_1,https://www.worldaic.com.cn/exhibitors,2026-07-18
789,参展企业,30998ed769624d1bb3a8417c9c7c3091,深圳知鸟教育科技有限公司,"Shenzhen Zhiniao Education Technology Co., Ltd",展商,,人才与教育,H4-048,世博展览馆,世博展览馆H4,VO_EXHIBITION_HALL_1,VO_EXHIBITOR_BOOTH_LOCATION_11,https://www.worldaic.com.cn/exhibitors,2026-07-18
790,参展企业,0ed7bb8f5c4e49b7a8fd0ebb442870fd,深圳福汇创新发展有限公司,"Shenzhen Fuhui Innovation Development Co.,Ltd",展商,,其他,H2-D524,世博展览馆,世博展览馆H2,VO_EXHIBITION_HALL_1,VO_EXHIBITOR_BOOTH_LOCATION_2,https://www.worldaic.com.cn/exhibitors,2026-07-18
791,参展企业,61c9300d951b470ab33a50ccdca4622a,深圳英康仕电子有限公司,"SHENZHEN INDUSTRIAL COMPUTER SYSTEM CO., LTD.",展商,,工业互联与智能制造,H1-A214,世博展览馆,世博展览馆H1,VO_EXHIBITION_HALL_1,VO_EXHIBITOR_BOOTH_LOCATION_1,https://www.worldaic.com.cn/exhibitors,2026-07-18
792,参展企业,7b45f7affefe43b79bdb6530afd87ce7,深圳诺因智能有限公司,"Shenzhen Knowin AI Co., Ltd.",展商,,具身智能,H3-C603,世博展览馆,世博展览馆H3,VO_EXHIBITION_HALL_1,VO_EXHIBITOR_BOOTH_LOCATION_3,https://www.worldaic.com.cn/exhibitors,2026-07-18
793,参展企业,07c10d2ef777450e8ba1d64298d9df55,深圳超维动力智能科技有限公司,Kinetix AI,展商,,"核心技术,具身智能",H3-C516,世博展览馆,世博展览馆H3,VO_EXHIBITION_HALL_1,VO_EXHIBITOR_BOOTH_LOCATION_3,https://www.worldaic.com.cn/exhibitors,2026-07-18
794,参展企业,85a77839287b47d4be80ec38ff8fc721,深圳逐际动力科技股份有限公司,"Limx Dynamics Technology Co.,Ltd.",展商,,具身智能,H3-C216,世博展览馆,世博展览馆H3,VO_EXHIBITION_HALL_1,VO_EXHIBITOR_BOOTH_LOCATION_3,https://www.worldaic.com.cn/exhibitors,2026-07-18
795,参展企业,876be0c631fb4b2f8a84ffec91bd9f26,深圳麦格米特电气股份有限公司,"Shenzhen Megmeet Electrical Co., Ltd",展商,,核心技术,Z2A-309,张江科学会堂,张江科学会堂-张江厅,VO_EXHIBITION_HALL_3,VO_EXHIBITOR_BOOTH_LOCATION_9,https://www.worldaic.com.cn/exhibitors,2026-07-18
796,参展企业,dac3de72bc874119bda52926a54153d9,深思考人工智能机器人科技（北京）有限公司,"iDeepwise Artificial Intelligence Robot Technology Beijing Co,.Ltd.",展商,,智能终端,H4-086,世博展览馆,世博展览馆H4,VO_EXHIBITION_HALL_1,VO_EXHIBITOR_BOOTH_LOCATION_11,https://www.worldaic.com.cn/exhibitors,2026-07-18
797,参展企业,eaaa3beaf9dc4d6a8f534caee79cf292,清华大学,Tsinghua University,"展商,论坛主办方",,人才与教育,L029,世博中心,世博中心,VO_EXHIBITION_HALL_2,VO_EXHIBITOR_BOOTH_LOCATION_6,https://www.worldaic.com.cn/exhibitors,2026-07-18
798,参展企业,4cf22150309c4edfb0904ad911c49a88,渣打银行（中国）有限公司,"Standard Chartered Bank (China) Co., Ltd","展商,论坛主办方",,金融科技,H4-100,世博展览馆,世博展览馆H4,VO_EXHIBITION_HALL_1,VO_EXHIBITOR_BOOTH_LOCATION_11,https://www.worldaic.com.cn/exhibitors,2026-07-18
799,参展企业,7b112b095a204109b07b24ba47f5e18c,湖北人形机器人创新中心有限公司,HUBEI HUMANOID ROBOT INNOVATION CENTER,展商,,具身智能,H3-C208,世博展览馆,世博展览馆H3,VO_EXHIBITION_HALL_1,VO_EXHIBITOR_BOOTH_LOCATION_3,https://www.worldaic.com.cn/exhibitors,2026-07-18
800,参展企业,8752984b96e54f5bb80c1a7ed9efe5c7,湖北科峰智能传动股份有限公司,"Hubei Kofon Transmission Equipment Co., Ltd",展商,,制造业,H3-A123,世博展览馆,世博展览馆H3,VO_EXHIBITION_HALL_1,VO_EXHIBITOR_BOOTH_LOCATION_3,https://www.worldaic.com.cn/exhibitors,2026-07-18
801,参展企业,61c86ce5b76148a097596ee87907c328,湖南行界软件科技有限公司,"Hunan Xingjie Software Technology Co., Ltd. ",展商,,核心技术,H4-026,世博展览馆,世博展览馆H4,VO_EXHIBITION_HALL_1,VO_EXHIBITOR_BOOTH_LOCATION_11,https://www.worldaic.com.cn/exhibitors,2026-07-18
802,参展企业,00f3adeb489d40cba4b0d0c2d5ac7cbd,滴普科技股份有限公司,"Deepexi Technology Co., Ltd.",展商,,核心技术,H2-A116,世博展览馆,世博展览馆H2,VO_EXHIBITION_HALL_1,VO_EXHIBITOR_BOOTH_LOCATION_2,https://www.worldaic.com.cn/exhibitors,2026-07-18
803,参展企业,d947a916f6dc463eabe197ae107863b7,潍坊慧新电子有限公司,"Weifang Huixin Electronics Co., Ltd.",展商,,制造业,H3-E423,世博展览馆,世博展览馆H3,VO_EXHIBITION_HALL_1,VO_EXHIBITOR_BOOTH_LOCATION_3,https://www.worldaic.com.cn/exhibitors,2026-07-18
804,参展企业,1c444a738df346129cd01c6a3b78b1b8,澎峰（北京）科技有限公司,PerfXLab,展商,,核心技术,Z2B-610,张江科学会堂,张江科学会堂-张江厅,VO_EXHIBITION_HALL_3,VO_EXHIBITOR_BOOTH_LOCATION_9,https://www.worldaic.com.cn/exhibitors,2026-07-18
805,参展企业,665c7772e9a94600a95b030b27681069,澳鹏数据科技（上海）有限公司,"Appen Data Technology (Shanghai) Co., Ltd",展商,,核心技术,H1-D812,世博展览馆,世博展览馆H1,VO_EXHIBITION_HALL_1,VO_EXHIBITOR_BOOTH_LOCATION_1,https://www.worldaic.com.cn/exhibitors,2026-07-18
806,参展企业,22fa75d8aec0466cbecb18d2068d8165,火枣科技（上海）有限公司,"Huozao Technology (Shanghai) Co., Ltd.",展商,,智能终端,H4-030,世博展览馆,世博展览馆H4,VO_EXHIBITION_HALL_1,VO_EXHIBITOR_BOOTH_LOCATION_11,https://www.worldaic.com.cn/exhibitors,2026-07-18
807,参展企业,1b0291d3ab0a402586fba49246e6fd23,火炬源科技服务（上海）中心（有限合伙）,Sino-Korea Torch Innovation Center,展商,,政府/机构,H1-A218,世博展览馆,世博展览馆H1,VO_EXHIBITION_HALL_1,VO_EXHIBITOR_BOOTH_LOCATION_1,https://www.worldaic.com.cn/exhibitors,2026-07-18
808,参展企业,76fdca1f8372468fb6dad5fd1936bfc3,灵伴科技（杭州）股份有限公司,Rokid,展商,,智能终端,X1A-701,西岸国际会展中心,西岸国际会展中心,VO_EXHIBITION_HALL_4,VO_EXHIBITOR_BOOTH_LOCATION_12,https://www.worldaic.com.cn/exhibitors,2026-07-18
809,参展企业,ad9c0d2be7ce4aa380701454e3f1112d,灵心巧手（北京）科技股份有限公司,"LINKERBOT BEIJING TECHNOLOGY CO., LTD",展商,,具身智能,H3-B122,世博展览馆,世博展览馆H3,VO_EXHIBITION_HALL_1,VO_EXHIBITOR_BOOTH_LOCATION_3,https://www.worldaic.com.cn/exhibitors,2026-07-18
810,参展企业,a7692224fcfa43c5ba9921aa9db7841b,爱芯元智半导体股份有限公司,"Axera Semiconductor Co., Ltd. ",展商,,核心技术,Z1B-407,张江科学会堂,张江科学会堂-海科厅,VO_EXHIBITION_HALL_3,VO_EXHIBITOR_BOOTH_LOCATION_8,https://www.worldaic.com.cn/exhibitors,2026-07-18
811,参展企业,edcab2d4a42945eb9f7ed8af4e6d5e80,猿声先达科技（深圳）有限公司,"Ensuring Technology (Shenzhen) Co., Ltd.",展商,,具身智能,H3-A218,世博展览馆,世博展览馆H3,VO_EXHIBITION_HALL_1,VO_EXHIBITOR_BOOTH_LOCATION_3,https://www.worldaic.com.cn/exhibitors,2026-07-18
812,参展企业,fdf8454375604c08bb7ebe8698016b50,珠海市芯动力科技有限公司,XDL Technologies Inc.,展商,,核心技术,Z1B-405,张江科学会堂,张江科学会堂-海科厅,VO_EXHIBITION_HALL_3,VO_EXHIBITOR_BOOTH_LOCATION_8,https://www.worldaic.com.cn/exhibitors,2026-07-18
813,参展企业,029d2ec4f30a4b599f7c244bf173e418,珠海星云智联科技有限公司,NebulaMatrix Technology Ltd.(Zhuhai),展商,,核心技术,Z1C-503,张江科学会堂,张江科学会堂-海科厅,VO_EXHIBITION_HALL_3,VO_EXHIBITOR_BOOTH_LOCATION_8,https://www.worldaic.com.cn/exhibitors,2026-07-18
814,参展企业,3a1385e24046453bb2c25c2783fe2eb5,瑞欧威尔（上海）信息科技有限公司,"Moziware (Shanghai) Technology Co., Ltd. ",展商,,智能终端,H4-057,世博展览馆,世博展览馆H4,VO_EXHIBITION_HALL_1,VO_EXHIBITOR_BOOTH_LOCATION_11,https://www.worldaic.com.cn/exhibitors,2026-07-18
815,参展企业,2ae952a5a4e34f16ba18e9c2aeb33da3,瑞芯微电子股份有限公司,"Rockchip Electronics Co., Ltd.",展商,,核心技术,H2-A325,世博展览馆,世博展览馆H2,VO_EXHIBITION_HALL_1,VO_EXHIBITOR_BOOTH_LOCATION_2,https://www.worldaic.com.cn/exhibitors,2026-07-18
816,参展企业,a3680a497e4340d08dfb9cade7bbc0d6,百融云创科技股份有限公司,Bairong Inc.,展商,,核心技术,H1-D1003,世博展览馆,世博展览馆H1,VO_EXHIBITION_HALL_1,VO_EXHIBITOR_BOOTH_LOCATION_1,https://www.worldaic.com.cn/exhibitors,2026-07-18
817,参展企业,5a7b1ff206b34da8a92f2ba9317ee6a8,睿尔曼智能科技（北京）股份有限公司,"RealMan Intelligent Technology (Beijing) Co., Ltd.",展商,,具身智能,H3-E116,世博展览馆,世博展览馆H3,VO_EXHIBITION_HALL_1,VO_EXHIBITOR_BOOTH_LOCATION_3,https://www.worldaic.com.cn/exhibitors,2026-07-18
818,参展企业,d1ee6ae06a0a48e59fcde9436f61bdc0,睿感机器人,Raysense Robotics,展商,,具身智能,H4-042,世博展览馆,世博展览馆H4,VO_EXHIBITION_HALL_1,VO_EXHIBITOR_BOOTH_LOCATION_11,https://www.worldaic.com.cn/exhibitors,2026-07-18
819,参展企业,910e7169cd5b4a2cbbf57e717893da4f,知行机器人科技（苏州）有限公司,"Changingtek Robotics Technology (Suzhou) Co., Ltd.",展商,,具身智能,H3-A305,世博展览馆,世博展览馆H3,VO_EXHIBITION_HALL_1,VO_EXHIBITOR_BOOTH_LOCATION_3,https://www.worldaic.com.cn/exhibitors,2026-07-18
820,参展企业,367b4013f8be403baec26a93619915e9,研惠通（深圳）科技有限公司,"SHENZHEN ENHT TECHNOLOGY CO.,LTD",展商,,工业互联与智能制造,Z2B-509,张江科学会堂,张江科学会堂-张江厅,VO_EXHIBITION_HALL_3,VO_EXHIBITOR_BOOTH_LOCATION_9,https://www.worldaic.com.cn/exhibitors,2026-07-18
821,参展企业,b343fb62bc7442c2868b0a47d6782046,砺算科技（上海）有限公司,"Lisuan Technology (Shanghai) Co., Ltd.",展商,,核心技术,Z2B-301,张江科学会堂,张江科学会堂-张江厅,VO_EXHIBITION_HALL_3,VO_EXHIBITOR_BOOTH_LOCATION_9,https://www.worldaic.com.cn/exhibitors,2026-07-18
822,参展企业,8a353d73c87e4817be25a6694f3a3df2,磐石浩海（北京）液冷技术有限公司,"RockCooling (Beijing) Liquid Cooling Technology Co., Ltd.",展商,,核心技术,Z2B-601,张江科学会堂,张江科学会堂-张江厅,VO_EXHIBITION_HALL_3,VO_EXHIBITOR_BOOTH_LOCATION_9,https://www.worldaic.com.cn/exhibitors,2026-07-18
823,参展企业,672abf2f168d4e98923af42b07f90a3d,神思动量（上海）科技有限公司,"NeuroFlux (Shanghai) Co., Ltd.",展商,,智能终端,X1C-503,西岸国际会展中心,西岸国际会展中心,VO_EXHIBITION_HALL_4,VO_EXHIBITOR_BOOTH_LOCATION_12,https://www.worldaic.com.cn/exhibitors,2026-07-18
824,参展企业,be07c50565434b9ea9c010158d9431cf,神思电子技术股份有限公司,"Synthesis Electronic Technology Co., Ltd.",展商,,智慧城市,H2-C1421,世博展览馆,世博展览馆H2,VO_EXHIBITION_HALL_1,VO_EXHIBITOR_BOOTH_LOCATION_2,https://www.worldaic.com.cn/exhibitors,2026-07-18
825,参展企业,dede297a66fd4d578a16934a3a93050e,神码硅基（上海）科技有限公司,"AGENTMA AI (Shanghai) Technology Co., Ltd.",展商,,核心技术,H4-141,世博展览馆,世博展览馆H4,VO_EXHIBITION_HALL_1,VO_EXHIBITOR_BOOTH_LOCATION_11,https://www.worldaic.com.cn/exhibitors,2026-07-18
826,参展企业,585c2d25ce69458d8a803e986343c29b,福建福昕软件开发股份有限公司,FU XIN SOFTWARE,展商,,核心技术,Z1A-317,张江科学会堂,张江科学会堂-海科厅,VO_EXHIBITION_HALL_3,VO_EXHIBITOR_BOOTH_LOCATION_8,https://www.worldaic.com.cn/exhibitors,2026-07-18
827,参展企业,516490e5c1ff448082980cd97c3ef78b,福建龙溪轴承（集团）股份有限公司,"Fujian Longxi Bearing (Group) Corp, Ltd.",展商,,制造业,H3-E311,世博展览馆,世博展览馆H3,VO_EXHIBITION_HALL_1,VO_EXHIBITOR_BOOTH_LOCATION_3,https://www.worldaic.com.cn/exhibitors,2026-07-18
828,参展企业,3dfb316d2d87419d8e523147701f478d,福来数创（北京）智能科技有限公司,"Fullive Innovation (Beijing) AI Technology Co., Ltd.",展商,,智能终端,H4-012,世博展览馆,世博展览馆H4,VO_EXHIBITION_HALL_1,VO_EXHIBITOR_BOOTH_LOCATION_11,https://www.worldaic.com.cn/exhibitors,2026-07-18
829,参展企业,12d68e1d1ccd4cd6bea0ac9fe9507d1c,福鑫数科（杭州）人工智能有限公司,"FusionAi(Hangzhou) Artificial IntelligenceCo., Ltd.",展商,,智慧医疗,H4-015,世博展览馆,世博展览馆H4,VO_EXHIBITION_HALL_1,VO_EXHIBITOR_BOOTH_LOCATION_11,https://www.worldaic.com.cn/exhibitors,2026-07-18
830,参展企业,f2b9b43076a8463c81a6bbb8f153e073,科华数据股份有限公司,"Kehua Data Co., Ltd","展商,论坛主办方",,核心技术,H1-D522,世博展览馆,世博展览馆H1,VO_EXHIBITION_HALL_1,VO_EXHIBITOR_BOOTH_LOCATION_1,https://www.worldaic.com.cn/exhibitors,2026-07-18
831,参展企业,9e02a491bf6344989c510961e1b9860c,科大国创软件股份有限公司,"GuoChuang Software Co.,Ltd.",展商,,核心技术,H1-D738,世博展览馆,世博展览馆H1,VO_EXHIBITION_HALL_1,VO_EXHIBITOR_BOOTH_LOCATION_1,https://www.worldaic.com.cn/exhibitors,2026-07-18
832,参展企业,c90155ee5bd449fbbe5cb4890cd98c8e,简智新创（北京）机器人科技有限公司,"Genrobot.AI Co., Ltd.",展商,,具身智能,H3-A319,世博展览馆,世博展览馆H3,VO_EXHIBITION_HALL_1,VO_EXHIBITOR_BOOTH_LOCATION_3,https://www.worldaic.com.cn/exhibitors,2026-07-18
833,参展企业,9f28cd7242d14b6bb6fe8cac31d26219,紫光闪芯科技（成都）有限公司,"Unis Flash Memory Technology (Chengdu) Co., Ltd.",展商,,核心技术,Z1A-113,张江科学会堂,张江科学会堂-海科厅,VO_EXHIBITION_HALL_3,VO_EXHIBITOR_BOOTH_LOCATION_8,https://www.worldaic.com.cn/exhibitors,2026-07-18
834,参展企业,89edc86371014a2d8bb843f4b05e9faf,纽氏达特行星传动系统技术（淄博）股份有限公司,"Newstart Planetary Transmission System Technology (Zibo) Co., Ltd.",展商,,具身智能,H3-A310,世博展览馆,世博展览馆H3,VO_EXHIBITION_HALL_1,VO_EXHIBITOR_BOOTH_LOCATION_3,https://www.worldaic.com.cn/exhibitors,2026-07-18
835,参展企业,e32176c4889a43238d4bdf6caae69b5c,绳肌妙算（上海）机器人有限公司,TetherIA,展商,,工业互联与智能制造,H3-A116,世博展览馆,世博展览馆H3,VO_EXHIBITION_HALL_1,VO_EXHIBITOR_BOOTH_LOCATION_3,https://www.worldaic.com.cn/exhibitors,2026-07-18
836,参展企业,f9ae54719e1b4040bbfac3d395ea8178,美格智能技术股份有限公司,"MeiG Smart Technology Co., Ltd",展商,,核心技术,H2-A113,世博展览馆,世博展览馆H2,VO_EXHIBITION_HALL_1,VO_EXHIBITOR_BOOTH_LOCATION_2,https://www.worldaic.com.cn/exhibitors,2026-07-18
837,参展企业,859a99188f8a4d08a757c076b53ff269,翼华科技（北京）股份有限公司,"EHTECH(BEIJING)CO.,LTD.",展商,,核心技术,Z1A-308,张江科学会堂,张江科学会堂-海科厅,VO_EXHIBITION_HALL_3,VO_EXHIBITOR_BOOTH_LOCATION_8,https://www.worldaic.com.cn/exhibitors,2026-07-18
838,参展企业,ea4e2980a5b64ed3b6900288c06c2fc1,胜格电气(上海）有限公司,"SENGLE ELECTRIC (SHANGHAI) CO.,LTD.",展商,,具身智能,H3-A125,世博展览馆,世博展览馆H3,VO_EXHIBITION_HALL_1,VO_EXHIBITOR_BOOTH_LOCATION_3,https://www.worldaic.com.cn/exhibitors,2026-07-18
839,参展企业,163c963c6e384365ae83a86f4b67cda4,胜算云科技（南通）有限公司,Shengsuanyun ,展商,,核心技术,H4-004,世博展览馆,世博展览馆H4,VO_EXHIBITION_HALL_1,VO_EXHIBITOR_BOOTH_LOCATION_11,https://www.worldaic.com.cn/exhibitors,2026-07-18
840,参展企业,88b7cf9a44e04300a19185b24e3194d2,自由量级（上海）信息科技有限公司,"ZiYouLiangJi(Shanghai) Information Technology Co., Ltd",展商,,核心技术,X1A-906,西岸国际会展中心,西岸国际会展中心,VO_EXHIBITION_HALL_4,VO_EXHIBITOR_BOOTH_LOCATION_12,https://www.worldaic.com.cn/exhibitors,2026-07-18
841,参展企业,4de2fdc84d534747b13958f26a6e5eaa,臻乐尔科技服务（上海）有限公司,"ZENLAYER TECHNOLOGY SERVICES (SHANGHAI) CO., LTD.",展商,,其他,H1-D1034,世博展览馆,世博展览馆H1,VO_EXHIBITION_HALL_1,VO_EXHIBITOR_BOOTH_LOCATION_1,https://www.worldaic.com.cn/exhibitors,2026-07-18
842,参展企业,8527ea6220884e0eb90af32174ed090f,艾利特智能机器人股份有限公司,"Elite Intelligent Robot Co., Ltd.",展商,,具身智能,H3-D305,世博展览馆,世博展览馆H3,VO_EXHIBITION_HALL_1,VO_EXHIBITOR_BOOTH_LOCATION_3,https://www.worldaic.com.cn/exhibitors,2026-07-18
843,参展企业,101fb45b3f4e498195ae3a4933195674,节卡机器人股份有限公司,JAKA Robotics,展商,,具身智能,H3-E101,世博展览馆,世博展览馆H3,VO_EXHIBITION_HALL_1,VO_EXHIBITOR_BOOTH_LOCATION_3,https://www.worldaic.com.cn/exhibitors,2026-07-18
844,参展企业,9e043b099d8f4132a5d22d1af84059c1,芯驿电子科技（上海）有限公司,Alinx Electronic Limited,展商,,核心技术,Z1A-111,张江科学会堂,张江科学会堂-海科厅,VO_EXHIBITION_HALL_3,VO_EXHIBITOR_BOOTH_LOCATION_8,https://www.worldaic.com.cn/exhibitors,2026-07-18
845,参展企业,2691494c67e0425d95daa3190f0f98e5,苏州博特勒机器人有限公司,"Suzhou Botler Robotics Co., Ltd. ",展商,,具身智能,H3-A416,世博展览馆,世博展览馆H3,VO_EXHIBITION_HALL_1,VO_EXHIBITOR_BOOTH_LOCATION_3,https://www.worldaic.com.cn/exhibitors,2026-07-18
846,参展企业,6f8252c8b49a414689022d0b1acca084,苏州向至科技有限公司,"Suzhou Lucidus Technologies Co., Ltd.",展商,,核心技术,H3-E403,世博展览馆,世博展览馆H3,VO_EXHIBITION_HALL_1,VO_EXHIBITOR_BOOTH_LOCATION_3,https://www.worldaic.com.cn/exhibitors,2026-07-18
847,参展企业,022abdc3433e4931a252e285a82cbd87,苏州念及智能科技有限公司,"Suzhou Nianji Intelligent Technology Co.,Ltd",展商,,智能终端,L051,世博中心,世博中心,VO_EXHIBITION_HALL_2,VO_EXHIBITOR_BOOTH_LOCATION_6,https://www.worldaic.com.cn/exhibitors,2026-07-18
848,参展企业,0a63db0691d24c80a8996054a75ffe1c,苏州登临科技股份有限公司,"SUZHOU DENGLIN TECHNOLOGIES CO., LTD.",展商,,核心技术,Z1A-301,张江科学会堂,张江科学会堂-海科厅,VO_EXHIBITION_HALL_3,VO_EXHIBITOR_BOOTH_LOCATION_8,https://www.worldaic.com.cn/exhibitors,2026-07-18
849,参展企业,00cc010964ae49c391d8bbda47e251a7,苏州纵苇科技有限公司,"Suzhou Zongwei Technology Co.,Ltd",展商,,工业互联与智能制造,H1-A311,世博展览馆,世博展览馆H1,VO_EXHIBITION_HALL_1,VO_EXHIBITOR_BOOTH_LOCATION_1,https://www.worldaic.com.cn/exhibitors,2026-07-18
850,参展企业,d6f5c244213c4a86939276efe910f65a,苏州绿的谐波传动科技股份有限公司,"Leader Harmonious Drive System Co., Ltd.",展商,,具身智能,H3-E226,世博展览馆,世博展览馆H3,VO_EXHIBITION_HALL_1,VO_EXHIBITOR_BOOTH_LOCATION_3,https://www.worldaic.com.cn/exhibitors,2026-07-18
851,参展企业,94da1026589040acadc2661ec6c1400c,苏州脉塔智能科技有限公司,"Suzhou Micro Actuator Technology Co., Ltd.",展商,,具身智能,H3-A301,世博展览馆,世博展览馆H3,VO_EXHIBITION_HALL_1,VO_EXHIBITOR_BOOTH_LOCATION_3,https://www.worldaic.com.cn/exhibitors,2026-07-18
852,参展企业,d0a141f959824968bae0fb68691e320b,苏州西恩科技有限公司,"Suzhou Xien Technology Co., Ltd. ",展商,,核心技术,H3-A105,世博展览馆,世博展览馆H3,VO_EXHIBITION_HALL_1,VO_EXHIBITOR_BOOTH_LOCATION_3,https://www.worldaic.com.cn/exhibitors,2026-07-18
853,参展企业,d3d996ff08804bdf967be5016db4d8a9,苏州铁近机电科技股份有限公司,"Suzhou Tiejin Science&Technology Corp.,Ltd.",展商,,制造业,H1-A734,世博展览馆,世博展览馆H1,VO_EXHIBITION_HALL_1,VO_EXHIBITOR_BOOTH_LOCATION_1,https://www.worldaic.com.cn/exhibitors,2026-07-18
854,参展企业,6a6c54440b794676880383ece271989c,英业达集团,"Inventec Technology Co., Ltd.",展商,,制造业,H2-A626,世博展览馆,世博展览馆H2,VO_EXHIBITION_HALL_1,VO_EXHIBITOR_BOOTH_LOCATION_2,https://www.worldaic.com.cn/exhibitors,2026-07-18
855,参展企业,8bd0cf08077c49269b9c7d232d7142f8,英国牛津大学赛德商学院,Saïd Business School - University of Oxford,展商,,人才与教育,H4-011,世博展览馆,世博展览馆H4,VO_EXHIBITION_HALL_1,VO_EXHIBITOR_BOOTH_LOCATION_11,https://www.worldaic.com.cn/exhibitors,2026-07-18
856,参展企业,b819aed0ae024ca6ab23e6fea7aba885,蓝思科技股份有限公司,"Lens Technology Co., Ltd.",展商,,制造业,H1-A601,世博展览馆,世博展览馆H1,VO_EXHIBITION_HALL_1,VO_EXHIBITOR_BOOTH_LOCATION_1,https://www.worldaic.com.cn/exhibitors,2026-07-18
857,参展企业,bdab6a6f0c714598aecf19b40b9874f2,蓝点触控（北京）科技有限公司,"Link-touch (Beijing) Technology Co., Ltd.",展商,,核心技术,H3-A205,世博展览馆,世博展览馆H3,VO_EXHIBITION_HALL_1,VO_EXHIBITOR_BOOTH_LOCATION_3,https://www.worldaic.com.cn/exhibitors,2026-07-18
858,参展企业,3bf75026a22d45d2ab6222db698da2cf,蓝芯算力（深圳）有限公司,"Lanxin Computing (Shenzhen) Technology Co. , Ltd.",展商,,核心技术,Z2B-101,张江科学会堂,张江科学会堂-张江厅,VO_EXHIBITION_HALL_3,VO_EXHIBITOR_BOOTH_LOCATION_9,https://www.worldaic.com.cn/exhibitors,2026-07-18
859,参展企业,4dd869818f504d3eabe10ed8b316ce0b,蚂蚁胜信（上海）信息技术有限公司,Advanced Fintech AI Competition,展商,,金融科技,H1-D1306,世博展览馆,世博展览馆H1,VO_EXHIBITION_HALL_1,VO_EXHIBITOR_BOOTH_LOCATION_1,https://www.worldaic.com.cn/exhibitors,2026-07-18
860,参展企业,4f8214af599549bf9177ec625b7d05a7,蜜度科技股份有限公司,"Midu Technology CO.,Ltd.",展商,,核心技术,H1-C1120,世博展览馆,世博展览馆H1,VO_EXHIBITION_HALL_1,VO_EXHIBITOR_BOOTH_LOCATION_1,https://www.worldaic.com.cn/exhibitors,2026-07-18
861,参展企业,bd0fa2f77a12463c8f8315e7a20bc539,融科联创（天津）信息技术有限公司,"Roycom (Tianjin) Information Technology Co., Ltd.",展商,,核心技术,Z2A-409,张江科学会堂,张江科学会堂-张江厅,VO_EXHIBITION_HALL_3,VO_EXHIBITOR_BOOTH_LOCATION_9,https://www.worldaic.com.cn/exhibitors,2026-07-18
862,参展企业,6b507ba3ab6345a994f2be537abdf603,西数存储技术（上海）有限公司,"Western Digital Storage Technologies (Shanghai) Co., Ltd","展商,论坛主办方",,核心技术,H1-D1219,世博展览馆,世博展览馆H1,VO_EXHIBITION_HALL_1,VO_EXHIBITOR_BOOTH_LOCATION_1,https://www.worldaic.com.cn/exhibitors,2026-07-18
863,参展企业,0f901dfec1694a1bb5ff3f6831ad6f4c,西湖机器人科技（杭州）有限公司,"Westlake Robotics Technology (Hangzhou) Co., Ltd.",展商,,具身智能,H4-046,世博展览馆,世博展览馆H4,VO_EXHIBITION_HALL_1,VO_EXHIBITOR_BOOTH_LOCATION_11,https://www.worldaic.com.cn/exhibitors,2026-07-18
864,参展企业,8563139520eb472a81cfec0f003305b4,设集寰宇（上海）科技有限公司,"D.Universe (Shanghai) Technology Co., Ltd.",展商,,租赁业与商业服务业,H4-FT B402,世博展览馆,世博展览馆H4,VO_EXHIBITION_HALL_1,VO_EXHIBITOR_BOOTH_LOCATION_11,https://www.worldaic.com.cn/exhibitors,2026-07-18
865,参展企业,b23f074199924625ae52db851dae92a3,诺基亚通信投资（中国）有限公司,"Nokia Solutions and Networks Investment (China) Co., Ltd.",展商,,核心技术,H1-B636,世博展览馆,世博展览馆H1,VO_EXHIBITION_HALL_1,VO_EXHIBITOR_BOOTH_LOCATION_1,https://www.worldaic.com.cn/exhibitors,2026-07-18
866,参展企业,12422619146d49bc8317db8493043fe6,象其物宜 (上海)人工智能科技有限公司,Carri by Grab,展商,,工业互联与智能制造,H4-074,世博展览馆,世博展览馆H4,VO_EXHIBITION_HALL_1,VO_EXHIBITOR_BOOTH_LOCATION_11,https://www.worldaic.com.cn/exhibitors,2026-07-18
867,参展企业,8425633f45aa442cbedfea365041766c,贵州数据宝网络科技有限公司,Chinadatapay,"展商,论坛主办方",,金融科技,H1-D915,世博展览馆,世博展览馆H1,VO_EXHIBITION_HALL_1,VO_EXHIBITOR_BOOTH_LOCATION_1,https://www.worldaic.com.cn/exhibitors,2026-07-18
868,参展企业,b9b915bdf7484c7b86ac39f915c2d056,赛感科技（深圳）有限公司,"Sycsense Technology (Shenzhen) Co., Ltd.",展商,,具身智能,H4-087,世博展览馆,世博展览馆H4,VO_EXHIBITION_HALL_1,VO_EXHIBITOR_BOOTH_LOCATION_11,https://www.worldaic.com.cn/exhibitors,2026-07-18
869,参展企业,c084942fcb064d1e92afaab441c65806,赛诺动力（深圳）有限公司,"SinoDynamics(Shenzhen) Co., Ltd.",展商,,制造业,H3-A405,世博展览馆,世博展览馆H3,VO_EXHIBITION_HALL_1,VO_EXHIBITOR_BOOTH_LOCATION_3,https://www.worldaic.com.cn/exhibitors,2026-07-18
870,参展企业,a3d7e649a5e9403cb9a8774333339345,赛那德科技有限公司,"Senad Technology Co., Ltd.",展商,,制造业,H3-A424,世博展览馆,世博展览馆H3,VO_EXHIBITION_HALL_1,VO_EXHIBITOR_BOOTH_LOCATION_3,https://www.worldaic.com.cn/exhibitors,2026-07-18
871,参展企业,94834249abba4736a6f4f8f4622145d4,超云数字技术集团有限公司,"SuperCloud Digital Technology Group Co., Ltd.",展商,,核心技术,Z1C-811,张江科学会堂,张江科学会堂-海科厅,VO_EXHIBITION_HALL_3,VO_EXHIBITOR_BOOTH_LOCATION_8,https://www.worldaic.com.cn/exhibitors,2026-07-18
872,参展企业,7cfd57c3d7f14bb281fce4bb8317529d,超微科技（北京）有限公司,"Super Micro Computer, Inc.",展商,,工业互联与智能制造,Z2A-509,张江科学会堂,张江科学会堂-张江厅,VO_EXHIBITION_HALL_3,VO_EXHIBITOR_BOOTH_LOCATION_9,https://www.worldaic.com.cn/exhibitors,2026-07-18
873,参展企业,d06a030166d240f2ac913f091a779d01,超恩智能科技（苏州）有限公司,"Vecow Technology(Suzhou) Co.,Ltd.",展商,,"工业互联与智能制造,智能驾驶",H1-A201,世博展览馆,世博展览馆H1,VO_EXHIBITION_HALL_1,VO_EXHIBITOR_BOOTH_LOCATION_1,https://www.worldaic.com.cn/exhibitors,2026-07-18
874,参展企业,8a6b7e890cb24a488fafc5c796c28fb3,超融核（上海）科技有限公司,"SUPERPHI (Shanghai) Technology Co., Ltd.",展商,,核心技术,Z2B-203,张江科学会堂,张江科学会堂-张江厅,VO_EXHIBITION_HALL_3,VO_EXHIBITOR_BOOTH_LOCATION_9,https://www.worldaic.com.cn/exhibitors,2026-07-18
875,参展企业,df9110676a5e4c98aefb23032c1dc389,趣致集团,Qunabox Group,展商,,智能终端,X1C-507,西岸国际会展中心,西岸国际会展中心,VO_EXHIBITION_HALL_4,VO_EXHIBITOR_BOOTH_LOCATION_12,https://www.worldaic.com.cn/exhibitors,2026-07-18
876,参展企业,f11d4ba01cd44c99b028a43829a04f59,跨维（深圳）智能数字科技有限公司,"DexForce Technology Co., Ltd.",展商,,具身智能,H3-B321,世博展览馆,世博展览馆H3,VO_EXHIBITION_HALL_1,VO_EXHIBITOR_BOOTH_LOCATION_3,https://www.worldaic.com.cn/exhibitors,2026-07-18
877,参展企业,aa4e35d4933f449c9cdc753770325afb,软通动力信息技术（集团）股份有限公司,iSoftStone Information Technology (Group) Company Limited,展商,,核心技术,H1-A918,世博展览馆,世博展览馆H1,VO_EXHIBITION_HALL_1,VO_EXHIBITOR_BOOTH_LOCATION_1,https://www.worldaic.com.cn/exhibitors,2026-07-18
878,参展企业,eed1eaf11ce64f218a3b1f13dbc711d4,迈存信息科技（上海）有限公司,"MAICUN Information Technology (Shanghai) Co., Ltd.",展商,,制造业,Z2B-503,张江科学会堂,张江科学会堂-张江厅,VO_EXHIBITION_HALL_3,VO_EXHIBITOR_BOOTH_LOCATION_9,https://www.worldaic.com.cn/exhibitors,2026-07-18
879,参展企业,ec95abb87a5344cd96fd5964fb02ed36,迈富时网络技术（上海）有限公司,"Marketingforce Network Technology (Shanghai) Co., Limited",展商,,核心技术,R026,世博中心,世博中心,VO_EXHIBITION_HALL_2,VO_EXHIBITOR_BOOTH_LOCATION_6,https://www.worldaic.com.cn/exhibitors,2026-07-18
880,参展企业,ad831db491484ba98ba8df96ae6ad4f4,进迭时空（杭州）科技有限公司,"SPACEMIT (Hangzhou) Technology Co., Ltd",展商,,核心技术,Z1A-105,张江科学会堂,张江科学会堂-海科厅,VO_EXHIBITION_HALL_3,VO_EXHIBITOR_BOOTH_LOCATION_8,https://www.worldaic.com.cn/exhibitors,2026-07-18
881,参展企业,b4792e85fee14efc9a360b95795fa681,远见琢实（上海）智能科技有限公司,"Validflow Intelligences (Shanghai) Co., Ltd.,",展商,,核心技术,H4-FT C064,世博展览馆,世博展览馆H4,VO_EXHIBITION_HALL_1,VO_EXHIBITOR_BOOTH_LOCATION_11,https://www.worldaic.com.cn/exhibitors,2026-07-18
882,参展企业,b0689ebcbb50408991a21309c49b0fc6,迪际特科技（上海）有限公司,"Digit Technologies (Shanghai) Co., Ltd.",展商,,核心技术,H4-115,世博展览馆,世博展览馆H4,VO_EXHIBITION_HALL_1,VO_EXHIBITOR_BOOTH_LOCATION_11,https://www.worldaic.com.cn/exhibitors,2026-07-18
883,参展企业,a5f508bdc794422c85b4388bb4a95813,途见科技（北京）有限公司,"Tachin Technology (Beijing) Co., Ltd.",展商,,具身智能,H4-095,世博展览馆,世博展览馆H4,VO_EXHIBITION_HALL_1,VO_EXHIBITOR_BOOTH_LOCATION_11,https://www.worldaic.com.cn/exhibitors,2026-07-18
884,参展企业,9cd6aecb493a42c2b5cd1663c4856070,金华市蓝海光电技术有限公司,"Jinhua Lanhai Photoelectricity Technology Co., Ltd.",展商,,制造业,H1-A108,世博展览馆,世博展览馆H1,VO_EXHIBITION_HALL_1,VO_EXHIBITOR_BOOTH_LOCATION_1,https://www.worldaic.com.cn/exhibitors,2026-07-18
885,参展企业,82b82af54f364239a34707c3a597e672,钛动科技股份有限公司,"TECDO TECHNOLOGY CO., LIMITED",展商,,核心技术,H1-D130,世博展览馆,世博展览馆H1,VO_EXHIBITION_HALL_1,VO_EXHIBITOR_BOOTH_LOCATION_1,https://www.worldaic.com.cn/exhibitors,2026-07-18
886,参展企业,5ee9bc2a9fb54e36895ef2160870f564,钛科新创（上海）智能科技有限公司,ROBOTOPIA,展商,,具身智能,H4-039,世博展览馆,世博展览馆H4,VO_EXHIBITION_HALL_1,VO_EXHIBITOR_BOOTH_LOCATION_11,https://www.worldaic.com.cn/exhibitors,2026-07-18
887,参展企业,e4a697f977a14632ac11a71cd5c71238,钛虎机器人科技（上海）有限公司,"Ti5robot Technology ShangHai Co.,Ltd",展商,,具身智能,H3-C521`,世博展览馆,世博展览馆H3,VO_EXHIBITION_HALL_1,VO_EXHIBITOR_BOOTH_LOCATION_3,https://www.worldaic.com.cn/exhibitors,2026-07-18
888,参展企业,e70b41906c174e9eafaef7cfa17c567a,锐捷网络股份有限公司,"Ruijie Networks Co., Ltd.",展商,,制造业,Z1B-118,张江科学会堂,张江科学会堂-海科厅,VO_EXHIBITION_HALL_3,VO_EXHIBITOR_BOOTH_LOCATION_8,https://www.worldaic.com.cn/exhibitors,2026-07-18
889,参展企业,c2375175714945a3b8a135413506e27c,锡捷科技服务(上海)有限公司,"Seagate Technology Services (Shanghai) Co., Ltd.",展商,,核心技术,H1-D1217,世博展览馆,世博展览馆H1,VO_EXHIBITION_HALL_1,VO_EXHIBITOR_BOOTH_LOCATION_1,https://www.worldaic.com.cn/exhibitors,2026-07-18
890,参展企业,64effa691ef1490a998a5c553942f8d1,镕铭微电子（济南）有限公司,Rongming Microelectronics,展商,,核心技术,Z2B-407,张江科学会堂,张江科学会堂-张江厅,VO_EXHIBITION_HALL_3,VO_EXHIBITOR_BOOTH_LOCATION_9,https://www.worldaic.com.cn/exhibitors,2026-07-18
891,参展企业,c2e749612f9140aa92f613ed348fae11,长三角赵巷新兴产业经济发展(上海）有限公司,Yangtze River Delta Hi-Tech Park,展商,,房地产业,H2-D124,世博展览馆,世博展览馆H2,VO_EXHIBITION_HALL_1,VO_EXHIBITOR_BOOTH_LOCATION_2,https://www.worldaic.com.cn/exhibitors,2026-07-18
892,参展企业,70638aa1d5144e1aa4d132bafb46287e,长飞光纤光缆股份有限公司,Yangtze Optical Fibre and Cable Joint Stock Limited Company,展商,,核心技术,H2-C627,世博展览馆,世博展览馆H2,VO_EXHIBITION_HALL_1,VO_EXHIBITOR_BOOTH_LOCATION_2,https://www.worldaic.com.cn/exhibitors,2026-07-18
893,参展企业,333a505c630b4e1f84bb4fd13c684046,闪迪,Sandisk,展商,,制造业,L005,世博中心,世博中心,VO_EXHIBITION_HALL_2,VO_EXHIBITOR_BOOTH_LOCATION_6,https://www.worldaic.com.cn/exhibitors,2026-07-18
894,参展企业,22000f648ced4631abc2003d844108b5,问问智能信息科技有限公司,Mobvoi,展商,,核心技术,H1-C1034,世博展览馆,世博展览馆H1,VO_EXHIBITION_HALL_1,VO_EXHIBITOR_BOOTH_LOCATION_1,https://www.worldaic.com.cn/exhibitors,2026-07-18
895,参展企业,406c5f0631b24d07a64738bf5bef7f04,阿蒂法（上海）网络科技有限公司,"Artefact（Shanghai）Data and Technology Co., Ltd.",展商,,租赁业与商业服务业,H4-FT C077,世博展览馆,世博展览馆H4,VO_EXHIBITION_HALL_1,VO_EXHIBITOR_BOOTH_LOCATION_11,https://www.worldaic.com.cn/exhibitors,2026-07-18
896,参展企业,debcfd0acc3c42bd9922d5a94b759f29,陶世智能科技（深圳）有限公司,"Talls Intelligent Technology (Shenzhen) Co., Ltd.",展商,,具身智能,H3-A201,世博展览馆,世博展览馆H3,VO_EXHIBITION_HALL_1,VO_EXHIBITOR_BOOTH_LOCATION_3,https://www.worldaic.com.cn/exhibitors,2026-07-18
897,参展企业,2b4da6ae5c5e47b786d5a346037eb605,香港生成式人工智能研發中心,Hong Kong Generative AI Research and Development Center,展商,,核心技术,H4-062,世博展览馆,世博展览馆H4,VO_EXHIBITION_HALL_1,VO_EXHIBITOR_BOOTH_LOCATION_11,https://www.worldaic.com.cn/exhibitors,2026-07-18
898,参展企业,abc2b865915b45a7b7ee03e794e3900e,香港贸易发展局,Hong Kong Trade Development Council,"展商,论坛主办方",,政府/机构,H2-E101,世博展览馆,世博展览馆H2,VO_EXHIBITION_HALL_1,VO_EXHIBITOR_BOOTH_LOCATION_2,https://www.worldaic.com.cn/exhibitors,2026-07-18
899,参展企业,4f2ca9923a154d5dba0b694bd855fa48,魔法原子机器人科技（无锡）有限公司,"Magiclab Robotics Technology(Wuxi)Co.,Ltd",展商,,具身智能,H3-A505,世博展览馆,世博展览馆H3,VO_EXHIBITION_HALL_1,VO_EXHIBITOR_BOOTH_LOCATION_3,https://www.worldaic.com.cn/exhibitors,2026-07-18
900,参展企业,c4107eb3ac86420e82802c0978426da5,魔珐（上海）信息科技有限公司,"Shanghai Movai Technology Co., Ltd.",展商,,具身智能,H1-D530,世博展览馆,世博展览馆H1,VO_EXHIBITION_HALL_1,VO_EXHIBITOR_BOOTH_LOCATION_1,https://www.worldaic.com.cn/exhibitors,2026-07-18
901,参展企业,eba3bc08e5d74c418cd7f03fc9dbc957,黑芝麻智能,Black Sesame Technologies,展商,,核心技术,H2-A108,世博展览馆,世博展览馆H2,VO_EXHIBITION_HALL_1,VO_EXHIBITOR_BOOTH_LOCATION_2,https://www.worldaic.com.cn/exhibitors,2026-07-18
